"","Year","State","Value","measurement"
"1",2019,"CALIFORNIA",108,"MEASURED IN $ / CWT"
"2",2019,"FLORIDA",152,"MEASURED IN $ / CWT"
"3",2019,"OTHER STATES",129,"MEASURED IN $ / CWT"
"4",2019,"OTHER STATES",52.8,"MEASURED IN $ / CWT"
"5",2019,"CALIFORNIA",580,"MEASURED IN CWT / ACRE"
"6",2019,"CALIFORNIA",300,"MEASURED IN LB"
"7",2019,"CALIFORNIA",400,"MEASURED IN LB"
"8",2019,"CALIFORNIA",900,"MEASURED IN LB"
"9",2019,"CALIFORNIA",600,"MEASURED IN LB"
"10",2019,"CALIFORNIA",200,"MEASURED IN LB"
"11",2019,"CALIFORNIA",500,"MEASURED IN LB"
"12",2019,"CALIFORNIA",800,"MEASURED IN LB"
"13",2019,"CALIFORNIA",900,"MEASURED IN LB"
"14",2019,"CALIFORNIA",400,"MEASURED IN LB"
"15",2019,"CALIFORNIA",200,"MEASURED IN LB"
"16",2019,"CALIFORNIA",100,"MEASURED IN LB"
"17",2019,"CALIFORNIA",600,"MEASURED IN LB"
"18",2019,"CALIFORNIA",100,"MEASURED IN LB"
"19",2019,"CALIFORNIA",600,"MEASURED IN LB"
"20",2019,"CALIFORNIA",0.205,"MEASURED IN LB / ACRE / APPLICATION"
"21",2019,"CALIFORNIA",0.482,"MEASURED IN LB / ACRE / APPLICATION"
"22",2019,"CALIFORNIA",0.023,"MEASURED IN LB / ACRE / APPLICATION"
"23",2019,"CALIFORNIA",0.337,"MEASURED IN LB / ACRE / APPLICATION"
"24",2019,"CALIFORNIA",1.739,"MEASURED IN LB / ACRE / APPLICATION"
"25",2019,"CALIFORNIA",0.023,"MEASURED IN LB / ACRE / APPLICATION"
"26",2019,"CALIFORNIA",0.32,"MEASURED IN LB / ACRE / APPLICATION"
"27",2019,"CALIFORNIA",0.114,"MEASURED IN LB / ACRE / APPLICATION"
"28",2019,"CALIFORNIA",0.623,"MEASURED IN LB / ACRE / APPLICATION"
"29",2019,"CALIFORNIA",0.213,"MEASURED IN LB / ACRE / APPLICATION"
"30",2019,"CALIFORNIA",0.113,"MEASURED IN LB / ACRE / APPLICATION"
"31",2019,"CALIFORNIA",0.168,"MEASURED IN LB / ACRE / APPLICATION"
"32",2019,"CALIFORNIA",3.997,"MEASURED IN LB / ACRE / APPLICATION"
"33",2019,"CALIFORNIA",0.493,"MEASURED IN LB / ACRE / APPLICATION"
"34",2019,"CALIFORNIA",0.106,"MEASURED IN LB / ACRE / APPLICATION"
"35",2019,"CALIFORNIA",0.303,"MEASURED IN LB / ACRE / APPLICATION"
"36",2019,"CALIFORNIA",0.073,"MEASURED IN LB / ACRE / APPLICATION"
"37",2019,"CALIFORNIA",2.381,"MEASURED IN LB / ACRE / APPLICATION"
"38",2019,"CALIFORNIA",0.112,"MEASURED IN LB / ACRE / APPLICATION"
"39",2019,"CALIFORNIA",0.169,"MEASURED IN LB / ACRE / APPLICATION"
"40",2019,"CALIFORNIA",0.51,"MEASURED IN LB / ACRE / APPLICATION"
"41",2019,"CALIFORNIA",0.097,"MEASURED IN LB / ACRE / APPLICATION"
"42",2019,"CALIFORNIA",3.656,"MEASURED IN LB / ACRE / APPLICATION"
"43",2019,"CALIFORNIA",0.039,"MEASURED IN LB / ACRE / APPLICATION"
"44",2019,"CALIFORNIA",0.669,"MEASURED IN LB / ACRE / APPLICATION"
"45",2019,"CALIFORNIA",2.219,"MEASURED IN LB / ACRE / APPLICATION"
"46",2019,"CALIFORNIA",0.113,"MEASURED IN LB / ACRE / APPLICATION"
"47",2019,"CALIFORNIA",0.23,"MEASURED IN LB / ACRE / APPLICATION"
"48",2019,"CALIFORNIA",0.024,"MEASURED IN LB / ACRE / APPLICATION"
"49",2019,"CALIFORNIA",0.089,"MEASURED IN LB / ACRE / APPLICATION"
"50",2019,"CALIFORNIA",0.313,"MEASURED IN LB / ACRE / APPLICATION"
"51",2019,"CALIFORNIA",1.202,"MEASURED IN LB / ACRE / APPLICATION"
"52",2019,"CALIFORNIA",0.019,"MEASURED IN LB / ACRE / APPLICATION"
"53",2019,"CALIFORNIA",0.297,"MEASURED IN LB / ACRE / APPLICATION"
"54",2019,"CALIFORNIA",0.126,"MEASURED IN LB / ACRE / APPLICATION"
"55",2019,"CALIFORNIA",0.034,"MEASURED IN LB / ACRE / APPLICATION"
"56",2019,"CALIFORNIA",0.496,"MEASURED IN LB / ACRE / APPLICATION"
"57",2019,"CALIFORNIA",0.109,"MEASURED IN LB / ACRE / APPLICATION"
"58",2019,"CALIFORNIA",0.067,"MEASURED IN LB / ACRE / APPLICATION"
"59",2019,"CALIFORNIA",0.111,"MEASURED IN LB / ACRE / APPLICATION"
"60",2019,"CALIFORNIA",0.178,"MEASURED IN LB / ACRE / APPLICATION"
"61",2019,"CALIFORNIA",0.135,"MEASURED IN LB / ACRE / APPLICATION"
"62",2019,"CALIFORNIA",0.286,"MEASURED IN LB / ACRE / APPLICATION"
"63",2019,"CALIFORNIA",0.103,"MEASURED IN LB / ACRE / APPLICATION"
"64",2019,"CALIFORNIA",0.085,"MEASURED IN LB / ACRE / APPLICATION"
"65",2019,"CALIFORNIA",0.158,"MEASURED IN LB / ACRE / APPLICATION"
"66",2019,"CALIFORNIA",0.177,"MEASURED IN LB / ACRE / APPLICATION"
"67",2019,"CALIFORNIA",0.515,"MEASURED IN LB / ACRE / APPLICATION"
"68",2019,"CALIFORNIA",1.991,"MEASURED IN LB / ACRE / APPLICATION"
"69",2019,"CALIFORNIA",0.174,"MEASURED IN LB / ACRE / APPLICATION"
"70",2019,"CALIFORNIA",0.904,"MEASURED IN LB / ACRE / APPLICATION"
"71",2019,"CALIFORNIA",0.095,"MEASURED IN LB / ACRE / APPLICATION"
"72",2019,"CALIFORNIA",5.151,"MEASURED IN LB / ACRE / APPLICATION"
"73",2019,"CALIFORNIA",0.059,"MEASURED IN LB / ACRE / APPLICATION"
"74",2019,"CALIFORNIA",0.478,"MEASURED IN LB / ACRE / APPLICATION"
"75",2019,"CALIFORNIA",0.044,"MEASURED IN LB / ACRE / APPLICATION"
"76",2019,"CALIFORNIA",0.067,"MEASURED IN LB / ACRE / APPLICATION"
"77",2019,"CALIFORNIA",0.068,"MEASURED IN LB / ACRE / APPLICATION"
"78",2019,"CALIFORNIA",0.093,"MEASURED IN LB / ACRE / APPLICATION"
"79",2019,"CALIFORNIA",0.243,"MEASURED IN LB / ACRE / APPLICATION"
"80",2019,"CALIFORNIA",0.069,"MEASURED IN LB / ACRE / APPLICATION"
"81",2019,"CALIFORNIA",0.062,"MEASURED IN LB / ACRE / APPLICATION"
"82",2019,"CALIFORNIA",244.066,"MEASURED IN LB / ACRE / APPLICATION"
"83",2019,"CALIFORNIA",83.557,"MEASURED IN LB / ACRE / APPLICATION"
"84",2019,"CALIFORNIA",0.112,"MEASURED IN LB / ACRE / APPLICATION"
"85",2019,"CALIFORNIA",0.161,"MEASURED IN LB / ACRE / APPLICATION"
"86",2019,"CALIFORNIA",214.011,"MEASURED IN LB / ACRE / APPLICATION"
"87",2019,"CALIFORNIA",228.063,"MEASURED IN LB / ACRE / APPLICATION"
"88",2019,"CALIFORNIA",0.191,"MEASURED IN LB / ACRE / APPLICATION"
"89",2019,"CALIFORNIA",6,"MEASURED IN LB / ACRE / APPLICATION"
"90",2019,"CALIFORNIA",8,"MEASURED IN LB / ACRE / APPLICATION"
"91",2019,"CALIFORNIA",5,"MEASURED IN LB / ACRE / APPLICATION"
"92",2019,"CALIFORNIA",2,"MEASURED IN LB / ACRE / APPLICATION"
"93",2019,"CALIFORNIA",0.447,"MEASURED IN LB / ACRE / YEAR"
"94",2019,"CALIFORNIA",0.54,"MEASURED IN LB / ACRE / YEAR"
"95",2019,"CALIFORNIA",0.051,"MEASURED IN LB / ACRE / YEAR"
"96",2019,"CALIFORNIA",0.508,"MEASURED IN LB / ACRE / YEAR"
"97",2019,"CALIFORNIA",10.456,"MEASURED IN LB / ACRE / YEAR"
"98",2019,"CALIFORNIA",0.034,"MEASURED IN LB / ACRE / YEAR"
"99",2019,"CALIFORNIA",0.765,"MEASURED IN LB / ACRE / YEAR"
"100",2019,"CALIFORNIA",0.25,"MEASURED IN LB / ACRE / YEAR"
"101",2019,"CALIFORNIA",1.163,"MEASURED IN LB / ACRE / YEAR"
"102",2019,"CALIFORNIA",0.51,"MEASURED IN LB / ACRE / YEAR"
"103",2019,"CALIFORNIA",0.224,"MEASURED IN LB / ACRE / YEAR"
"104",2019,"CALIFORNIA",0.361,"MEASURED IN LB / ACRE / YEAR"
"105",2019,"CALIFORNIA",18.136,"MEASURED IN LB / ACRE / YEAR"
"106",2019,"CALIFORNIA",1.215,"MEASURED IN LB / ACRE / YEAR"
"107",2019,"CALIFORNIA",0.281,"MEASURED IN LB / ACRE / YEAR"
"108",2019,"CALIFORNIA",0.625,"MEASURED IN LB / ACRE / YEAR"
"109",2019,"CALIFORNIA",0.149,"MEASURED IN LB / ACRE / YEAR"
"110",2019,"CALIFORNIA",2.908,"MEASURED IN LB / ACRE / YEAR"
"111",2019,"CALIFORNIA",0.174,"MEASURED IN LB / ACRE / YEAR"
"112",2019,"CALIFORNIA",0.317,"MEASURED IN LB / ACRE / YEAR"
"113",2019,"CALIFORNIA",0.883,"MEASURED IN LB / ACRE / YEAR"
"114",2019,"CALIFORNIA",0.264,"MEASURED IN LB / ACRE / YEAR"
"115",2019,"CALIFORNIA",26.646,"MEASURED IN LB / ACRE / YEAR"
"116",2019,"CALIFORNIA",0.058,"MEASURED IN LB / ACRE / YEAR"
"117",2019,"CALIFORNIA",1.041,"MEASURED IN LB / ACRE / YEAR"
"118",2019,"CALIFORNIA",5.064,"MEASURED IN LB / ACRE / YEAR"
"119",2019,"CALIFORNIA",0.235,"MEASURED IN LB / ACRE / YEAR"
"120",2019,"CALIFORNIA",0.55,"MEASURED IN LB / ACRE / YEAR"
"121",2019,"CALIFORNIA",0.074,"MEASURED IN LB / ACRE / YEAR"
"122",2019,"CALIFORNIA",0.217,"MEASURED IN LB / ACRE / YEAR"
"123",2019,"CALIFORNIA",0.428,"MEASURED IN LB / ACRE / YEAR"
"124",2019,"CALIFORNIA",1.84,"MEASURED IN LB / ACRE / YEAR"
"125",2019,"CALIFORNIA",0.04,"MEASURED IN LB / ACRE / YEAR"
"126",2019,"CALIFORNIA",0.47,"MEASURED IN LB / ACRE / YEAR"
"127",2019,"CALIFORNIA",0.182,"MEASURED IN LB / ACRE / YEAR"
"128",2019,"CALIFORNIA",0.091,"MEASURED IN LB / ACRE / YEAR"
"129",2019,"CALIFORNIA",0.978,"MEASURED IN LB / ACRE / YEAR"
"130",2019,"CALIFORNIA",0.346,"MEASURED IN LB / ACRE / YEAR"
"131",2019,"CALIFORNIA",0.119,"MEASURED IN LB / ACRE / YEAR"
"132",2019,"CALIFORNIA",0.222,"MEASURED IN LB / ACRE / YEAR"
"133",2019,"CALIFORNIA",0.299,"MEASURED IN LB / ACRE / YEAR"
"134",2019,"CALIFORNIA",0.581,"MEASURED IN LB / ACRE / YEAR"
"135",2019,"CALIFORNIA",0.531,"MEASURED IN LB / ACRE / YEAR"
"136",2019,"CALIFORNIA",0.128,"MEASURED IN LB / ACRE / YEAR"
"137",2019,"CALIFORNIA",0.161,"MEASURED IN LB / ACRE / YEAR"
"138",2019,"CALIFORNIA",0.399,"MEASURED IN LB / ACRE / YEAR"
"139",2019,"CALIFORNIA",0.269,"MEASURED IN LB / ACRE / YEAR"
"140",2019,"CALIFORNIA",0.793,"MEASURED IN LB / ACRE / YEAR"
"141",2019,"CALIFORNIA",5.571,"MEASURED IN LB / ACRE / YEAR"
"142",2019,"CALIFORNIA",0.245,"MEASURED IN LB / ACRE / YEAR"
"143",2019,"CALIFORNIA",1.665,"MEASURED IN LB / ACRE / YEAR"
"144",2019,"CALIFORNIA",0.334,"MEASURED IN LB / ACRE / YEAR"
"145",2019,"CALIFORNIA",7.924,"MEASURED IN LB / ACRE / YEAR"
"146",2019,"CALIFORNIA",0.192,"MEASURED IN LB / ACRE / YEAR"
"147",2019,"CALIFORNIA",0.884,"MEASURED IN LB / ACRE / YEAR"
"148",2019,"CALIFORNIA",0.074,"MEASURED IN LB / ACRE / YEAR"
"149",2019,"CALIFORNIA",0.074,"MEASURED IN LB / ACRE / YEAR"
"150",2019,"CALIFORNIA",0.108,"MEASURED IN LB / ACRE / YEAR"
"151",2019,"CALIFORNIA",0.113,"MEASURED IN LB / ACRE / YEAR"
"152",2019,"CALIFORNIA",0.307,"MEASURED IN LB / ACRE / YEAR"
"153",2019,"CALIFORNIA",0.137,"MEASURED IN LB / ACRE / YEAR"
"154",2019,"CALIFORNIA",0.164,"MEASURED IN LB / ACRE / YEAR"
"155",2019,"CALIFORNIA",345.893,"MEASURED IN LB / ACRE / YEAR"
"156",2019,"CALIFORNIA",125.71,"MEASURED IN LB / ACRE / YEAR"
"157",2019,"CALIFORNIA",0.188,"MEASURED IN LB / ACRE / YEAR"
"158",2019,"CALIFORNIA",0.235,"MEASURED IN LB / ACRE / YEAR"
"159",2019,"CALIFORNIA",244.72,"MEASURED IN LB / ACRE / YEAR"
"160",2019,"CALIFORNIA",303.425,"MEASURED IN LB / ACRE / YEAR"
"161",2019,"CALIFORNIA",0.231,"MEASURED IN LB / ACRE / YEAR"
"162",2019,"CALIFORNIA",58,"MEASURED IN LB / ACRE / YEAR"
"163",2019,"CALIFORNIA",86,"MEASURED IN LB / ACRE / YEAR"
"164",2019,"CALIFORNIA",75,"MEASURED IN LB / ACRE / YEAR"
"165",2019,"CALIFORNIA",16,"MEASURED IN LB / ACRE / YEAR"
"166",2019,"CALIFORNIA",2.2,"MEASURED IN NUMBER"
"167",2019,"CALIFORNIA",1.2,"MEASURED IN NUMBER"
"168",2019,"CALIFORNIA",1.5,"MEASURED IN NUMBER"
"169",2019,"CALIFORNIA",1.1,"MEASURED IN NUMBER"
"170",2019,"CALIFORNIA",2.3,"MEASURED IN NUMBER"
"171",2019,"CALIFORNIA",1.5,"MEASURED IN NUMBER"
"172",2019,"CALIFORNIA",2.6,"MEASURED IN NUMBER"
"173",2019,"CALIFORNIA",6,"MEASURED IN NUMBER"
"174",2019,"CALIFORNIA",1.5,"MEASURED IN NUMBER"
"175",2019,"CALIFORNIA",2.4,"MEASURED IN NUMBER"
"176",2019,"CALIFORNIA",2.2,"MEASURED IN NUMBER"
"177",2019,"CALIFORNIA",1.9,"MEASURED IN NUMBER"
"178",2019,"CALIFORNIA",2.4,"MEASURED IN NUMBER"
"179",2019,"CALIFORNIA",2,"MEASURED IN NUMBER"
"180",2019,"CALIFORNIA",2.2,"MEASURED IN NUMBER"
"181",2019,"CALIFORNIA",4.5,"MEASURED IN NUMBER"
"182",2019,"CALIFORNIA",2.5,"MEASURED IN NUMBER"
"183",2019,"CALIFORNIA",2.6,"MEASURED IN NUMBER"
"184",2019,"CALIFORNIA",2.1,"MEASURED IN NUMBER"
"185",2019,"CALIFORNIA",2.1,"MEASURED IN NUMBER"
"186",2019,"CALIFORNIA",1.2,"MEASURED IN NUMBER"
"187",2019,"CALIFORNIA",1.6,"MEASURED IN NUMBER"
"188",2019,"CALIFORNIA",1.9,"MEASURED IN NUMBER"
"189",2019,"CALIFORNIA",1.7,"MEASURED IN NUMBER"
"190",2019,"CALIFORNIA",2.7,"MEASURED IN NUMBER"
"191",2019,"CALIFORNIA",7.3,"MEASURED IN NUMBER"
"192",2019,"CALIFORNIA",1.5,"MEASURED IN NUMBER"
"193",2019,"CALIFORNIA",1.6,"MEASURED IN NUMBER"
"194",2019,"CALIFORNIA",2.3,"MEASURED IN NUMBER"
"195",2019,"CALIFORNIA",2.1,"MEASURED IN NUMBER"
"196",2019,"CALIFORNIA",2.4,"MEASURED IN NUMBER"
"197",2019,"CALIFORNIA",3,"MEASURED IN NUMBER"
"198",2019,"CALIFORNIA",2.4,"MEASURED IN NUMBER"
"199",2019,"CALIFORNIA",1.4,"MEASURED IN NUMBER"
"200",2019,"CALIFORNIA",1.5,"MEASURED IN NUMBER"
"201",2019,"CALIFORNIA",2.2,"MEASURED IN NUMBER"
"202",2019,"CALIFORNIA",1.6,"MEASURED IN NUMBER"
"203",2019,"CALIFORNIA",1.4,"MEASURED IN NUMBER"
"204",2019,"CALIFORNIA",2.7,"MEASURED IN NUMBER"
"205",2019,"CALIFORNIA",2,"MEASURED IN NUMBER"
"206",2019,"CALIFORNIA",3.2,"MEASURED IN NUMBER"
"207",2019,"CALIFORNIA",1.5,"MEASURED IN NUMBER"
"208",2019,"CALIFORNIA",1.6,"MEASURED IN NUMBER"
"209",2019,"CALIFORNIA",1.3,"MEASURED IN NUMBER"
"210",2019,"CALIFORNIA",1.6,"MEASURED IN NUMBER"
"211",2019,"CALIFORNIA",1.7,"MEASURED IN NUMBER"
"212",2019,"CALIFORNIA",1.8,"MEASURED IN NUMBER"
"213",2019,"CALIFORNIA",1.3,"MEASURED IN NUMBER"
"214",2019,"CALIFORNIA",2,"MEASURED IN NUMBER"
"215",2019,"CALIFORNIA",1.7,"MEASURED IN NUMBER"
"216",2019,"CALIFORNIA",4.3,"MEASURED IN NUMBER"
"217",2019,"CALIFORNIA",1.9,"MEASURED IN NUMBER"
"218",2019,"CALIFORNIA",1.2,"MEASURED IN NUMBER"
"219",2019,"CALIFORNIA",1.9,"MEASURED IN NUMBER"
"220",2019,"CALIFORNIA",2.5,"MEASURED IN NUMBER"
"221",2019,"CALIFORNIA",1.5,"MEASURED IN NUMBER"
"222",2019,"CALIFORNIA",1.5,"MEASURED IN NUMBER"
"223",2019,"CALIFORNIA",2.8,"MEASURED IN NUMBER"
"224",2019,"CALIFORNIA",1.4,"MEASURED IN NUMBER"
"225",2019,"CALIFORNIA",1.8,"MEASURED IN NUMBER"
"226",2019,"CALIFORNIA",3.5,"MEASURED IN NUMBER"
"227",2019,"CALIFORNIA",1.5,"MEASURED IN NUMBER"
"228",2019,"CALIFORNIA",3.2,"MEASURED IN NUMBER"
"229",2019,"CALIFORNIA",1.8,"MEASURED IN NUMBER"
"230",2019,"CALIFORNIA",1.7,"MEASURED IN NUMBER"
"231",2019,"CALIFORNIA",1.1,"MEASURED IN NUMBER"
"232",2019,"CALIFORNIA",1.6,"MEASURED IN NUMBER"
"233",2019,"CALIFORNIA",1.2,"MEASURED IN NUMBER"
"234",2019,"CALIFORNIA",1.3,"MEASURED IN NUMBER"
"235",2019,"CALIFORNIA",2,"MEASURED IN NUMBER"
"236",2019,"CALIFORNIA",2.7,"MEASURED IN NUMBER"
"237",2019,"CALIFORNIA",1.4,"MEASURED IN NUMBER"
"238",2019,"CALIFORNIA",1.5,"MEASURED IN NUMBER"
"239",2019,"CALIFORNIA",1.7,"MEASURED IN NUMBER"
"240",2019,"CALIFORNIA",1.5,"MEASURED IN NUMBER"
"241",2019,"CALIFORNIA",1.1,"MEASURED IN NUMBER"
"242",2019,"CALIFORNIA",1.3,"MEASURED IN NUMBER"
"243",2019,"CALIFORNIA",1.2,"MEASURED IN NUMBER"
"244",2019,"CALIFORNIA",9.9,"MEASURED IN NUMBER"
"245",2019,"CALIFORNIA",11.3,"MEASURED IN NUMBER"
"246",2019,"CALIFORNIA",14.3,"MEASURED IN NUMBER"
"247",2019,"CALIFORNIA",8.2,"MEASURED IN NUMBER"
"248",2019,"CALIFORNIA",34,"MEASURED IN PCT OF AREA BEARIN"
"249",2019,"CALIFORNIA",26,"MEASURED IN PCT OF AREA BEARIN"
"250",2019,"CALIFORNIA",8,"MEASURED IN PCT OF AREA BEARIN"
"251",2019,"CALIFORNIA",6,"MEASURED IN PCT OF AREA BEARIN"
"252",2019,"CALIFORNIA",18,"MEASURED IN PCT OF AREA BEARIN"
"253",2019,"CALIFORNIA",34,"MEASURED IN PCT OF AREA BEARIN"
"254",2019,"CALIFORNIA",7,"MEASURED IN PCT OF AREA BEARIN"
"255",2019,"CALIFORNIA",76,"MEASURED IN PCT OF AREA BEARIN"
"256",2019,"CALIFORNIA",30,"MEASURED IN PCT OF AREA BEARIN"
"257",2019,"CALIFORNIA",61,"MEASURED IN PCT OF AREA BEARIN"
"258",2019,"CALIFORNIA",10,"MEASURED IN PCT OF AREA BEARIN"
"259",2019,"CALIFORNIA",36,"MEASURED IN PCT OF AREA BEARIN"
"260",2019,"CALIFORNIA",61,"MEASURED IN PCT OF AREA BEARIN"
"261",2019,"CALIFORNIA",48,"MEASURED IN PCT OF AREA BEARIN"
"262",2019,"CALIFORNIA",30,"MEASURED IN PCT OF AREA BEARIN"
"263",2019,"CALIFORNIA",5,"MEASURED IN PCT OF AREA BEARIN"
"264",2019,"CALIFORNIA",21,"MEASURED IN PCT OF AREA BEARIN"
"265",2019,"CALIFORNIA",56,"MEASURED IN PCT OF AREA BEARIN"
"266",2019,"CALIFORNIA",31,"MEASURED IN PCT OF AREA BEARIN"
"267",2019,"CALIFORNIA",26,"MEASURED IN PCT OF AREA BEARIN"
"268",2019,"CALIFORNIA",11,"MEASURED IN PCT OF AREA BEARIN"
"269",2019,"CALIFORNIA",25,"MEASURED IN PCT OF AREA BEARIN"
"270",2019,"CALIFORNIA",65,"MEASURED IN PCT OF AREA BEARIN"
"271",2019,"CALIFORNIA",29,"MEASURED IN PCT OF AREA BEARIN"
"272",2019,"CALIFORNIA",51,"MEASURED IN PCT OF AREA BEARIN"
"273",2019,"CALIFORNIA",72,"MEASURED IN PCT OF AREA BEARIN"
"274",2019,"CALIFORNIA",30,"MEASURED IN PCT OF AREA BEARIN"
"275",2019,"CALIFORNIA",9,"MEASURED IN PCT OF AREA BEARIN"
"276",2019,"CALIFORNIA",50,"MEASURED IN PCT OF AREA BEARIN"
"277",2019,"CALIFORNIA",93,"MEASURED IN PCT OF AREA BEARIN"
"278",2019,"CALIFORNIA",50,"MEASURED IN PCT OF AREA BEARIN"
"279",2019,"CALIFORNIA",37,"MEASURED IN PCT OF AREA BEARIN"
"280",2019,"CALIFORNIA",6,"MEASURED IN PCT OF AREA BEARIN"
"281",2019,"CALIFORNIA",14,"MEASURED IN PCT OF AREA BEARIN"
"282",2019,"CALIFORNIA",9,"MEASURED IN PCT OF AREA BEARIN"
"283",2019,"CALIFORNIA",8,"MEASURED IN PCT OF AREA BEARIN"
"284",2019,"CALIFORNIA",20,"MEASURED IN PCT OF AREA BEARIN"
"285",2019,"CALIFORNIA",35,"MEASURED IN PCT OF AREA BEARIN"
"286",2019,"CALIFORNIA",32,"MEASURED IN PCT OF AREA BEARIN"
"287",2019,"CALIFORNIA",42,"MEASURED IN PCT OF AREA BEARIN"
"288",2019,"CALIFORNIA",25,"MEASURED IN PCT OF AREA BEARIN"
"289",2019,"CALIFORNIA",51,"MEASURED IN PCT OF AREA BEARIN"
"290",2019,"CALIFORNIA",58,"MEASURED IN PCT OF AREA BEARIN"
"291",2019,"CALIFORNIA",43,"MEASURED IN PCT OF AREA BEARIN"
"292",2019,"CALIFORNIA",24,"MEASURED IN PCT OF AREA BEARIN"
"293",2019,"CALIFORNIA",37,"MEASURED IN PCT OF AREA BEARIN"
"294",2019,"CALIFORNIA",5,"MEASURED IN PCT OF AREA BEARIN"
"295",2019,"CALIFORNIA",2,"MEASURED IN PCT OF AREA BEARIN"
"296",2019,"CALIFORNIA",44,"MEASURED IN PCT OF AREA BEARIN"
"297",2019,"CALIFORNIA",19,"MEASURED IN PCT OF AREA BEARIN"
"298",2019,"CALIFORNIA",11,"MEASURED IN PCT OF AREA BEARIN"
"299",2019,"CALIFORNIA",48,"MEASURED IN PCT OF AREA BEARIN"
"300",2019,"CALIFORNIA",6,"MEASURED IN PCT OF AREA BEARIN"
"301",2019,"CALIFORNIA",31,"MEASURED IN PCT OF AREA BEARIN"
"302",2019,"CALIFORNIA",9,"MEASURED IN PCT OF AREA BEARIN"
"303",2019,"CALIFORNIA",57,"MEASURED IN PCT OF AREA BEARIN"
"304",2019,"CALIFORNIA",34,"MEASURED IN PCT OF AREA BEARIN"
"305",2019,"CALIFORNIA",24,"MEASURED IN PCT OF AREA BEARIN"
"306",2019,"CALIFORNIA",12,"MEASURED IN PCT OF AREA BEARIN"
"307",2019,"CALIFORNIA",28,"MEASURED IN PCT OF AREA BEARIN"
"308",2019,"CALIFORNIA",37,"MEASURED IN PCT OF AREA BEARIN"
"309",2019,"CALIFORNIA",21,"MEASURED IN PCT OF AREA BEARIN"
"310",2019,"CALIFORNIA",9,"MEASURED IN PCT OF AREA BEARIN"
"311",2019,"CALIFORNIA",18,"MEASURED IN PCT OF AREA BEARIN"
"312",2019,"CALIFORNIA",66,"MEASURED IN PCT OF AREA BEARIN"
"313",2019,"CALIFORNIA",4,"MEASURED IN PCT OF AREA BEARIN"
"314",2019,"CALIFORNIA",8,"MEASURED IN PCT OF AREA BEARIN"
"315",2019,"CALIFORNIA",5,"MEASURED IN PCT OF AREA BEARIN"
"316",2019,"CALIFORNIA",58,"MEASURED IN PCT OF AREA BEARIN"
"317",2019,"CALIFORNIA",15,"MEASURED IN PCT OF AREA BEARIN"
"318",2019,"CALIFORNIA",17,"MEASURED IN PCT OF AREA BEARIN"
"319",2019,"CALIFORNIA",20,"MEASURED IN PCT OF AREA BEARIN"
"320",2019,"CALIFORNIA",24,"MEASURED IN PCT OF AREA BEARIN"
"321",2019,"CALIFORNIA",91,"MEASURED IN PCT OF AREA BEARIN"
"322",2019,"CALIFORNIA",49,"MEASURED IN PCT OF AREA BEARIN"
"323",2019,"CALIFORNIA",23,"MEASURED IN PCT OF AREA BEARIN"
"324",2019,"CALIFORNIA",25,"MEASURED IN PCT OF AREA BEARIN"
"325",2019,"CALIFORNIA",2,"MEASURED IN PCT OF AREA BEARIN"
"326",2019,"CALIFORNIA",3,"MEASURED IN PCT OF AREA BEARIN"
"327",2019,"CALIFORNIA",2,"MEASURED IN PCT OF AREA BEARIN"
"328",2019,"CALIFORNIA",7,"MEASURED IN PCT OF AREA BEARIN"
"329",2019,"CALIFORNIA",63,"MEASURED IN PCT OF AREA BEARIN"
"330",2019,"CALIFORNIA",98,"MEASURED IN PCT OF AREA BEARIN"
"331",2019,"CALIFORNIA",49,"MEASURED IN PCT OF AREA BEARIN"
"332",2019,"CALIFORNIA",49,"MEASURED IN PCT OF AREA BEARIN"
"333",2019,"CALIFORNIA",30,"MEASURED IN PCT OF AREA BEARIN"
"334",2019,"FLORIDA",215,"MEASURED IN CWT / ACRE"
"335",2019,"FLORIDA",300,"MEASURED IN LB"
"336",2019,"FLORIDA",300,"MEASURED IN LB"
"337",2019,"FLORIDA",200,"MEASURED IN LB"
"338",2019,"FLORIDA",700,"MEASURED IN LB"
"339",2019,"FLORIDA",300,"MEASURED IN LB"
"340",2019,"FLORIDA",100,"MEASURED IN LB"
"341",2019,"FLORIDA",600,"MEASURED IN LB"
"342",2019,"FLORIDA",100,"MEASURED IN LB"
"343",2019,"FLORIDA",0.858,"MEASURED IN LB / ACRE / APPLICATION"
"344",2019,"FLORIDA",2.098,"MEASURED IN LB / ACRE / APPLICATION"
"345",2019,"FLORIDA",0.313,"MEASURED IN LB / ACRE / APPLICATION"
"346",2019,"FLORIDA",0.206,"MEASURED IN LB / ACRE / APPLICATION"
"347",2019,"FLORIDA",1.34,"MEASURED IN LB / ACRE / APPLICATION"
"348",2019,"FLORIDA",2.036,"MEASURED IN LB / ACRE / APPLICATION"
"349",2019,"FLORIDA",0.045,"MEASURED IN LB / ACRE / APPLICATION"
"350",2019,"FLORIDA",0.099,"MEASURED IN LB / ACRE / APPLICATION"
"351",2019,"FLORIDA",0.141,"MEASURED IN LB / ACRE / APPLICATION"
"352",2019,"FLORIDA",0.05,"MEASURED IN LB / ACRE / APPLICATION"
"353",2019,"FLORIDA",0.058,"MEASURED IN LB / ACRE / APPLICATION"
"354",2019,"FLORIDA",0.065,"MEASURED IN LB / ACRE / APPLICATION"
"355",2019,"FLORIDA",0.063,"MEASURED IN LB / ACRE / APPLICATION"
"356",2019,"FLORIDA",0.054,"MEASURED IN LB / ACRE / APPLICATION"
"357",2019,"FLORIDA",1,"MEASURED IN LB / ACRE / APPLICATION"
"358",2019,"FLORIDA",1,"MEASURED IN LB / ACRE / APPLICATION"
"359",2019,"FLORIDA",2,"MEASURED IN LB / ACRE / APPLICATION"
"360",2019,"FLORIDA",4.123,"MEASURED IN LB / ACRE / YEAR"
"361",2019,"FLORIDA",16.856,"MEASURED IN LB / ACRE / YEAR"
"362",2019,"FLORIDA",0.642,"MEASURED IN LB / ACRE / YEAR"
"363",2019,"FLORIDA",0.428,"MEASURED IN LB / ACRE / YEAR"
"364",2019,"FLORIDA",4.888,"MEASURED IN LB / ACRE / YEAR"
"365",2019,"FLORIDA",10.166,"MEASURED IN LB / ACRE / YEAR"
"366",2019,"FLORIDA",0.184,"MEASURED IN LB / ACRE / YEAR"
"367",2019,"FLORIDA",0.127,"MEASURED IN LB / ACRE / YEAR"
"368",2019,"FLORIDA",0.663,"MEASURED IN LB / ACRE / YEAR"
"369",2019,"FLORIDA",0.077,"MEASURED IN LB / ACRE / YEAR"
"370",2019,"FLORIDA",0.067,"MEASURED IN LB / ACRE / YEAR"
"371",2019,"FLORIDA",0.212,"MEASURED IN LB / ACRE / YEAR"
"372",2019,"FLORIDA",0.116,"MEASURED IN LB / ACRE / YEAR"
"373",2019,"FLORIDA",0.095,"MEASURED IN LB / ACRE / YEAR"
"374",2019,"FLORIDA",39,"MEASURED IN LB / ACRE / YEAR"
"375",2019,"FLORIDA",17,"MEASURED IN LB / ACRE / YEAR"
"376",2019,"FLORIDA",43,"MEASURED IN LB / ACRE / YEAR"
"377",2019,"FLORIDA",4.8,"MEASURED IN NUMBER"
"378",2019,"FLORIDA",8,"MEASURED IN NUMBER"
"379",2019,"FLORIDA",2.1,"MEASURED IN NUMBER"
"380",2019,"FLORIDA",2.1,"MEASURED IN NUMBER"
"381",2019,"FLORIDA",3.6,"MEASURED IN NUMBER"
"382",2019,"FLORIDA",5,"MEASURED IN NUMBER"
"383",2019,"FLORIDA",4.1,"MEASURED IN NUMBER"
"384",2019,"FLORIDA",1.3,"MEASURED IN NUMBER"
"385",2019,"FLORIDA",4.7,"MEASURED IN NUMBER"
"386",2019,"FLORIDA",1.5,"MEASURED IN NUMBER"
"387",2019,"FLORIDA",1.2,"MEASURED IN NUMBER"
"388",2019,"FLORIDA",3.2,"MEASURED IN NUMBER"
"389",2019,"FLORIDA",1.8,"MEASURED IN NUMBER"
"390",2019,"FLORIDA",1.8,"MEASURED IN NUMBER"
"391",2019,"FLORIDA",28.7,"MEASURED IN NUMBER"
"392",2019,"FLORIDA",18.6,"MEASURED IN NUMBER"
"393",2019,"FLORIDA",25.2,"MEASURED IN NUMBER"
"394",2019,"FLORIDA",29,"MEASURED IN PCT OF AREA BEARIN"
"395",2019,"FLORIDA",88,"MEASURED IN PCT OF AREA BEARIN"
"396",2019,"FLORIDA",64,"MEASURED IN PCT OF AREA BEARIN"
"397",2019,"FLORIDA",64,"MEASURED IN PCT OF AREA BEARIN"
"398",2019,"FLORIDA",21,"MEASURED IN PCT OF AREA BEARIN"
"399",2019,"FLORIDA",54,"MEASURED IN PCT OF AREA BEARIN"
"400",2019,"FLORIDA",95,"MEASURED IN PCT OF AREA BEARIN"
"401",2019,"FLORIDA",15,"MEASURED IN PCT OF AREA BEARIN"
"402",2019,"FLORIDA",18,"MEASURED IN PCT OF AREA BEARIN"
"403",2019,"FLORIDA",13,"MEASURED IN PCT OF AREA BEARIN"
"404",2019,"FLORIDA",11,"MEASURED IN PCT OF AREA BEARIN"
"405",2019,"FLORIDA",35,"MEASURED IN PCT OF AREA BEARIN"
"406",2019,"FLORIDA",16,"MEASURED IN PCT OF AREA BEARIN"
"407",2019,"FLORIDA",46,"MEASURED IN PCT OF AREA BEARIN"
"408",2019,"FLORIDA",55,"MEASURED IN PCT OF AREA BEARIN"
"409",2019,"FLORIDA",16,"MEASURED IN PCT OF AREA BEARIN"
"410",2019,"FLORIDA",97,"MEASURED IN PCT OF AREA BEARIN"
"411",2019,"FLORIDA",17,"MEASURED IN PCT OF AREA BEARIN"
"412",2019,"FLORIDA",83,"MEASURED IN PCT OF AREA BEARIN"
"413",2019,"FLORIDA",52,"MEASURED IN PCT OF AREA BEARIN"
"414",2019,"FLORIDA",91,"MEASURED IN PCT OF AREA BEARIN"
"415",2019,"FLORIDA",0,"MEASURED IN CWT"
"416",2018,"CALIFORNIA",89.5,"MEASURED IN $ / CWT"
"417",2018,"CALIFORNIA",104,"MEASURED IN $ / CWT"
"418",2018,"CALIFORNIA",42.2,"MEASURED IN $ / CWT"
"419",2018,"CALIFORNIA",730,"MEASURED IN $ / TON"
"420",2018,"FLORIDA",115,"MEASURED IN $ / CWT"
"421",2018,"FLORIDA",115,"MEASURED IN $ / CWT"
"422",2018,"FLORIDA",0,"MEASURED IN $ / CWT"
"423",2018,"FLORIDA",0,"MEASURED IN $ / TON"
"424",2018,"NEW YORK",204,"MEASURED IN $ / CWT"
"425",2018,"NORTH CAROLINA",171,"MEASURED IN $ / CWT"
"426",2018,"NORTH CAROLINA",171,"MEASURED IN $ / CWT"
"427",2018,"NORTH CAROLINA",0,"MEASURED IN $ / CWT"
"428",2018,"NORTH CAROLINA",0,"MEASURED IN $ / TON"
"429",2018,"OREGON",107,"MEASURED IN $ / CWT"
"430",2018,"OTHER STATES",211,"MEASURED IN $ / CWT"
"431",2018,"OTHER STATES",88.3,"MEASURED IN $ / CWT"
"432",2018,"WASHINGTON",107,"MEASURED IN $ / CWT"
"433",2018,"CALIFORNIA",660,"MEASURED IN CWT / ACRE"
"434",2018,"CALIFORNIA",100,"MEASURED IN LB"
"435",2018,"CALIFORNIA",300,"MEASURED IN LB"
"436",2018,"CALIFORNIA",900,"MEASURED IN LB"
"437",2018,"CALIFORNIA",400,"MEASURED IN LB"
"438",2018,"CALIFORNIA",100,"MEASURED IN LB"
"439",2018,"CALIFORNIA",800,"MEASURED IN LB"
"440",2018,"CALIFORNIA",200,"MEASURED IN LB"
"441",2018,"CALIFORNIA",600,"MEASURED IN LB"
"442",2018,"CALIFORNIA",600,"MEASURED IN LB"
"443",2018,"CALIFORNIA",100,"MEASURED IN LB"
"444",2018,"CALIFORNIA",700,"MEASURED IN LB"
"445",2018,"CALIFORNIA",800,"MEASURED IN LB"
"446",2018,"CALIFORNIA",400,"MEASURED IN LB"
"447",2018,"CALIFORNIA",800,"MEASURED IN LB"
"448",2018,"CALIFORNIA",700,"MEASURED IN LB"
"449",2018,"CALIFORNIA",400,"MEASURED IN LB"
"450",2018,"CALIFORNIA",400,"MEASURED IN LB"
"451",2018,"CALIFORNIA",0.213,"MEASURED IN LB / ACRE / APPLICATION"
"452",2018,"CALIFORNIA",0.358,"MEASURED IN LB / ACRE / APPLICATION"
"453",2018,"CALIFORNIA",1.878,"MEASURED IN LB / ACRE / APPLICATION"
"454",2018,"CALIFORNIA",0.022,"MEASURED IN LB / ACRE / APPLICATION"
"455",2018,"CALIFORNIA",0.32,"MEASURED IN LB / ACRE / APPLICATION"
"456",2018,"CALIFORNIA",0.59,"MEASURED IN LB / ACRE / APPLICATION"
"457",2018,"CALIFORNIA",0.214,"MEASURED IN LB / ACRE / APPLICATION"
"458",2018,"CALIFORNIA",0.119,"MEASURED IN LB / ACRE / APPLICATION"
"459",2018,"CALIFORNIA",0.17,"MEASURED IN LB / ACRE / APPLICATION"
"460",2018,"CALIFORNIA",0.488,"MEASURED IN LB / ACRE / APPLICATION"
"461",2018,"CALIFORNIA",0.104,"MEASURED IN LB / ACRE / APPLICATION"
"462",2018,"CALIFORNIA",0.301,"MEASURED IN LB / ACRE / APPLICATION"
"463",2018,"CALIFORNIA",0.044,"MEASURED IN LB / ACRE / APPLICATION"
"464",2018,"CALIFORNIA",2.425,"MEASURED IN LB / ACRE / APPLICATION"
"465",2018,"CALIFORNIA",0.112,"MEASURED IN LB / ACRE / APPLICATION"
"466",2018,"CALIFORNIA",0.171,"MEASURED IN LB / ACRE / APPLICATION"
"467",2018,"CALIFORNIA",0.628,"MEASURED IN LB / ACRE / APPLICATION"
"468",2018,"CALIFORNIA",0.096,"MEASURED IN LB / ACRE / APPLICATION"
"469",2018,"CALIFORNIA",4.865,"MEASURED IN LB / ACRE / APPLICATION"
"470",2018,"CALIFORNIA",0.038,"MEASURED IN LB / ACRE / APPLICATION"
"471",2018,"CALIFORNIA",0.636,"MEASURED IN LB / ACRE / APPLICATION"
"472",2018,"CALIFORNIA",2.078,"MEASURED IN LB / ACRE / APPLICATION"
"473",2018,"CALIFORNIA",0.114,"MEASURED IN LB / ACRE / APPLICATION"
"474",2018,"CALIFORNIA",0.241,"MEASURED IN LB / ACRE / APPLICATION"
"475",2018,"CALIFORNIA",0.096,"MEASURED IN LB / ACRE / APPLICATION"
"476",2018,"CALIFORNIA",0.353,"MEASURED IN LB / ACRE / APPLICATION"
"477",2018,"CALIFORNIA",1.364,"MEASURED IN LB / ACRE / APPLICATION"
"478",2018,"CALIFORNIA",0.019,"MEASURED IN LB / ACRE / APPLICATION"
"479",2018,"CALIFORNIA",0.297,"MEASURED IN LB / ACRE / APPLICATION"
"480",2018,"CALIFORNIA",0.118,"MEASURED IN LB / ACRE / APPLICATION"
"481",2018,"CALIFORNIA",0.032,"MEASURED IN LB / ACRE / APPLICATION"
"482",2018,"CALIFORNIA",0.49,"MEASURED IN LB / ACRE / APPLICATION"
"483",2018,"CALIFORNIA",0.098,"MEASURED IN LB / ACRE / APPLICATION"
"484",2018,"CALIFORNIA",0.071,"MEASURED IN LB / ACRE / APPLICATION"
"485",2018,"CALIFORNIA",0.179,"MEASURED IN LB / ACRE / APPLICATION"
"486",2018,"CALIFORNIA",0.286,"MEASURED IN LB / ACRE / APPLICATION"
"487",2018,"CALIFORNIA",0.105,"MEASURED IN LB / ACRE / APPLICATION"
"488",2018,"CALIFORNIA",0.082,"MEASURED IN LB / ACRE / APPLICATION"
"489",2018,"CALIFORNIA",0.172,"MEASURED IN LB / ACRE / APPLICATION"
"490",2018,"CALIFORNIA",0.181,"MEASURED IN LB / ACRE / APPLICATION"
"491",2018,"CALIFORNIA",0.5,"MEASURED IN LB / ACRE / APPLICATION"
"492",2018,"CALIFORNIA",1.799,"MEASURED IN LB / ACRE / APPLICATION"
"493",2018,"CALIFORNIA",0.176,"MEASURED IN LB / ACRE / APPLICATION"
"494",2018,"CALIFORNIA",0.891,"MEASURED IN LB / ACRE / APPLICATION"
"495",2018,"CALIFORNIA",6.34,"MEASURED IN LB / ACRE / APPLICATION"
"496",2018,"CALIFORNIA",0.073,"MEASURED IN LB / ACRE / APPLICATION"
"497",2018,"CALIFORNIA",0.054,"MEASURED IN LB / ACRE / APPLICATION"
"498",2018,"CALIFORNIA",0.069,"MEASURED IN LB / ACRE / APPLICATION"
"499",2018,"CALIFORNIA",0.091,"MEASURED IN LB / ACRE / APPLICATION"
"500",2018,"CALIFORNIA",0.25,"MEASURED IN LB / ACRE / APPLICATION"
"501",2018,"CALIFORNIA",0.06,"MEASURED IN LB / ACRE / APPLICATION"
"502",2018,"CALIFORNIA",236.901,"MEASURED IN LB / ACRE / APPLICATION"
"503",2018,"CALIFORNIA",83.195,"MEASURED IN LB / ACRE / APPLICATION"
"504",2018,"CALIFORNIA",0.113,"MEASURED IN LB / ACRE / APPLICATION"
"505",2018,"CALIFORNIA",0.226,"MEASURED IN LB / ACRE / APPLICATION"
"506",2018,"CALIFORNIA",18,"MEASURED IN LB / ACRE / APPLICATION"
"507",2018,"CALIFORNIA",15,"MEASURED IN LB / ACRE / APPLICATION"
"508",2018,"CALIFORNIA",24,"MEASURED IN LB / ACRE / APPLICATION"
"509",2018,"CALIFORNIA",9,"MEASURED IN LB / ACRE / APPLICATION"
"510",2018,"CALIFORNIA",0.298,"MEASURED IN LB / ACRE / YEAR"
"511",2018,"CALIFORNIA",0.565,"MEASURED IN LB / ACRE / YEAR"
"512",2018,"CALIFORNIA",6.452,"MEASURED IN LB / ACRE / YEAR"
"513",2018,"CALIFORNIA",0.026,"MEASURED IN LB / ACRE / YEAR"
"514",2018,"CALIFORNIA",0.461,"MEASURED IN LB / ACRE / YEAR"
"515",2018,"CALIFORNIA",1.005,"MEASURED IN LB / ACRE / YEAR"
"516",2018,"CALIFORNIA",0.307,"MEASURED IN LB / ACRE / YEAR"
"517",2018,"CALIFORNIA",0.143,"MEASURED IN LB / ACRE / YEAR"
"518",2018,"CALIFORNIA",0.217,"MEASURED IN LB / ACRE / YEAR"
"519",2018,"CALIFORNIA",0.711,"MEASURED IN LB / ACRE / YEAR"
"520",2018,"CALIFORNIA",0.167,"MEASURED IN LB / ACRE / YEAR"
"521",2018,"CALIFORNIA",0.402,"MEASURED IN LB / ACRE / YEAR"
"522",2018,"CALIFORNIA",0.05,"MEASURED IN LB / ACRE / YEAR"
"523",2018,"CALIFORNIA",3.52,"MEASURED IN LB / ACRE / YEAR"
"524",2018,"CALIFORNIA",0.221,"MEASURED IN LB / ACRE / YEAR"
"525",2018,"CALIFORNIA",0.305,"MEASURED IN LB / ACRE / YEAR"
"526",2018,"CALIFORNIA",0.762,"MEASURED IN LB / ACRE / YEAR"
"527",2018,"CALIFORNIA",0.113,"MEASURED IN LB / ACRE / YEAR"
"528",2018,"CALIFORNIA",12.88,"MEASURED IN LB / ACRE / YEAR"
"529",2018,"CALIFORNIA",0.055,"MEASURED IN LB / ACRE / YEAR"
"530",2018,"CALIFORNIA",0.827,"MEASURED IN LB / ACRE / YEAR"
"531",2018,"CALIFORNIA",4.285,"MEASURED IN LB / ACRE / YEAR"
"532",2018,"CALIFORNIA",0.148,"MEASURED IN LB / ACRE / YEAR"
"533",2018,"CALIFORNIA",0.396,"MEASURED IN LB / ACRE / YEAR"
"534",2018,"CALIFORNIA",0.105,"MEASURED IN LB / ACRE / YEAR"
"535",2018,"CALIFORNIA",0.355,"MEASURED IN LB / ACRE / YEAR"
"536",2018,"CALIFORNIA",1.944,"MEASURED IN LB / ACRE / YEAR"
"537",2018,"CALIFORNIA",0.027,"MEASURED IN LB / ACRE / YEAR"
"538",2018,"CALIFORNIA",0.364,"MEASURED IN LB / ACRE / YEAR"
"539",2018,"CALIFORNIA",0.165,"MEASURED IN LB / ACRE / YEAR"
"540",2018,"CALIFORNIA",0.06,"MEASURED IN LB / ACRE / YEAR"
"541",2018,"CALIFORNIA",0.645,"MEASURED IN LB / ACRE / YEAR"
"542",2018,"CALIFORNIA",0.163,"MEASURED IN LB / ACRE / YEAR"
"543",2018,"CALIFORNIA",0.084,"MEASURED IN LB / ACRE / YEAR"
"544",2018,"CALIFORNIA",0.24,"MEASURED IN LB / ACRE / YEAR"
"545",2018,"CALIFORNIA",0.397,"MEASURED IN LB / ACRE / YEAR"
"546",2018,"CALIFORNIA",0.128,"MEASURED IN LB / ACRE / YEAR"
"547",2018,"CALIFORNIA",0.105,"MEASURED IN LB / ACRE / YEAR"
"548",2018,"CALIFORNIA",0.234,"MEASURED IN LB / ACRE / YEAR"
"549",2018,"CALIFORNIA",0.212,"MEASURED IN LB / ACRE / YEAR"
"550",2018,"CALIFORNIA",0.63,"MEASURED IN LB / ACRE / YEAR"
"551",2018,"CALIFORNIA",3.062,"MEASURED IN LB / ACRE / YEAR"
"552",2018,"CALIFORNIA",0.214,"MEASURED IN LB / ACRE / YEAR"
"553",2018,"CALIFORNIA",1.091,"MEASURED IN LB / ACRE / YEAR"
"554",2018,"CALIFORNIA",10.762,"MEASURED IN LB / ACRE / YEAR"
"555",2018,"CALIFORNIA",0.119,"MEASURED IN LB / ACRE / YEAR"
"556",2018,"CALIFORNIA",0.137,"MEASURED IN LB / ACRE / YEAR"
"557",2018,"CALIFORNIA",0.083,"MEASURED IN LB / ACRE / YEAR"
"558",2018,"CALIFORNIA",0.104,"MEASURED IN LB / ACRE / YEAR"
"559",2018,"CALIFORNIA",0.319,"MEASURED IN LB / ACRE / YEAR"
"560",2018,"CALIFORNIA",0.086,"MEASURED IN LB / ACRE / YEAR"
"561",2018,"CALIFORNIA",256.687,"MEASURED IN LB / ACRE / YEAR"
"562",2018,"CALIFORNIA",85.17,"MEASURED IN LB / ACRE / YEAR"
"563",2018,"CALIFORNIA",0.129,"MEASURED IN LB / ACRE / YEAR"
"564",2018,"CALIFORNIA",0.307,"MEASURED IN LB / ACRE / YEAR"
"565",2018,"CALIFORNIA",307,"MEASURED IN LB / ACRE / YEAR"
"566",2018,"CALIFORNIA",172,"MEASURED IN LB / ACRE / YEAR"
"567",2018,"CALIFORNIA",315,"MEASURED IN LB / ACRE / YEAR"
"568",2018,"CALIFORNIA",91,"MEASURED IN LB / ACRE / YEAR"
"569",2018,"CALIFORNIA",1.4,"MEASURED IN NUMBER"
"570",2018,"CALIFORNIA",1.5,"MEASURED IN NUMBER"
"571",2018,"CALIFORNIA",2.4,"MEASURED IN NUMBER"
"572",2018,"CALIFORNIA",1.6,"MEASURED IN NUMBER"
"573",2018,"CALIFORNIA",3.4,"MEASURED IN NUMBER"
"574",2018,"CALIFORNIA",1.2,"MEASURED IN NUMBER"
"575",2018,"CALIFORNIA",1.4,"MEASURED IN NUMBER"
"576",2018,"CALIFORNIA",1.7,"MEASURED IN NUMBER"
"577",2018,"CALIFORNIA",1.4,"MEASURED IN NUMBER"
"578",2018,"CALIFORNIA",1.2,"MEASURED IN NUMBER"
"579",2018,"CALIFORNIA",1.3,"MEASURED IN NUMBER"
"580",2018,"CALIFORNIA",1.5,"MEASURED IN NUMBER"
"581",2018,"CALIFORNIA",1.6,"MEASURED IN NUMBER"
"582",2018,"CALIFORNIA",1.3,"MEASURED IN NUMBER"
"583",2018,"CALIFORNIA",1.1,"MEASURED IN NUMBER"
"584",2018,"CALIFORNIA",1.5,"MEASURED IN NUMBER"
"585",2018,"CALIFORNIA",2,"MEASURED IN NUMBER"
"586",2018,"CALIFORNIA",1.8,"MEASURED IN NUMBER"
"587",2018,"CALIFORNIA",1.2,"MEASURED IN NUMBER"
"588",2018,"CALIFORNIA",1.2,"MEASURED IN NUMBER"
"589",2018,"CALIFORNIA",2.6,"MEASURED IN NUMBER"
"590",2018,"CALIFORNIA",1.5,"MEASURED IN NUMBER"
"591",2018,"CALIFORNIA",1.3,"MEASURED IN NUMBER"
"592",2018,"CALIFORNIA",2.1,"MEASURED IN NUMBER"
"593",2018,"CALIFORNIA",1.3,"MEASURED IN NUMBER"
"594",2018,"CALIFORNIA",1.6,"MEASURED IN NUMBER"
"595",2018,"CALIFORNIA",1.1,"MEASURED IN NUMBER"
"596",2018,"CALIFORNIA",1,"MEASURED IN NUMBER"
"597",2018,"CALIFORNIA",1.4,"MEASURED IN NUMBER"
"598",2018,"CALIFORNIA",1.4,"MEASURED IN NUMBER"
"599",2018,"CALIFORNIA",1.2,"MEASURED IN NUMBER"
"600",2018,"CALIFORNIA",1.4,"MEASURED IN NUMBER"
"601",2018,"CALIFORNIA",1.9,"MEASURED IN NUMBER"
"602",2018,"CALIFORNIA",1.3,"MEASURED IN NUMBER"
"603",2018,"CALIFORNIA",1.7,"MEASURED IN NUMBER"
"604",2018,"CALIFORNIA",1.2,"MEASURED IN NUMBER"
"605",2018,"CALIFORNIA",2.3,"MEASURED IN NUMBER"
"606",2018,"CALIFORNIA",1.1,"MEASURED IN NUMBER"
"607",2018,"CALIFORNIA",1.2,"MEASURED IN NUMBER"
"608",2018,"CALIFORNIA",1.1,"MEASURED IN NUMBER"
"609",2018,"CALIFORNIA",1.3,"MEASURED IN NUMBER"
"610",2018,"CALIFORNIA",1.4,"MEASURED IN NUMBER"
"611",2018,"CALIFORNIA",1.2,"MEASURED IN NUMBER"
"612",2018,"CALIFORNIA",1.3,"MEASURED IN NUMBER"
"613",2018,"CALIFORNIA",1.4,"MEASURED IN NUMBER"
"614",2018,"CALIFORNIA",1.2,"MEASURED IN NUMBER"
"615",2018,"CALIFORNIA",1.3,"MEASURED IN NUMBER"
"616",2018,"CALIFORNIA",1.7,"MEASURED IN NUMBER"
"617",2018,"CALIFORNIA",1.2,"MEASURED IN NUMBER"
"618",2018,"CALIFORNIA",1.2,"MEASURED IN NUMBER"
"619",2018,"CALIFORNIA",1.7,"MEASURED IN NUMBER"
"620",2018,"CALIFORNIA",1.6,"MEASURED IN NUMBER"
"621",2018,"CALIFORNIA",2.5,"MEASURED IN NUMBER"
"622",2018,"CALIFORNIA",1.2,"MEASURED IN NUMBER"
"623",2018,"CALIFORNIA",1.2,"MEASURED IN NUMBER"
"624",2018,"CALIFORNIA",1.3,"MEASURED IN NUMBER"
"625",2018,"CALIFORNIA",1.4,"MEASURED IN NUMBER"
"626",2018,"CALIFORNIA",1.1,"MEASURED IN NUMBER"
"627",2018,"CALIFORNIA",1,"MEASURED IN NUMBER"
"628",2018,"CALIFORNIA",1.1,"MEASURED IN NUMBER"
"629",2018,"CALIFORNIA",1.4,"MEASURED IN NUMBER"
"630",2018,"CALIFORNIA",16.9,"MEASURED IN NUMBER"
"631",2018,"CALIFORNIA",11.8,"MEASURED IN NUMBER"
"632",2018,"CALIFORNIA",13.2,"MEASURED IN NUMBER"
"633",2018,"CALIFORNIA",10.2,"MEASURED IN NUMBER"
"634",2018,"CALIFORNIA",10,"MEASURED IN PCT OF AREA BEARIN"
"635",2018,"CALIFORNIA",14,"MEASURED IN PCT OF AREA BEARIN"
"636",2018,"CALIFORNIA",1,"MEASURED IN PCT OF AREA BEARIN"
"637",2018,"CALIFORNIA",9,"MEASURED IN PCT OF AREA BEARIN"
"638",2018,"CALIFORNIA",41,"MEASURED IN PCT OF AREA BEARIN"
"639",2018,"CALIFORNIA",6,"MEASURED IN PCT OF AREA BEARIN"
"640",2018,"CALIFORNIA",30,"MEASURED IN PCT OF AREA BEARIN"
"641",2018,"CALIFORNIA",9,"MEASURED IN PCT OF AREA BEARIN"
"642",2018,"CALIFORNIA",30,"MEASURED IN PCT OF AREA BEARIN"
"643",2018,"CALIFORNIA",32,"MEASURED IN PCT OF AREA BEARIN"
"644",2018,"CALIFORNIA",14,"MEASURED IN PCT OF AREA BEARIN"
"645",2018,"CALIFORNIA",8,"MEASURED IN PCT OF AREA BEARIN"
"646",2018,"CALIFORNIA",18,"MEASURED IN PCT OF AREA BEARIN"
"647",2018,"CALIFORNIA",20,"MEASURED IN PCT OF AREA BEARIN"
"648",2018,"CALIFORNIA",15,"MEASURED IN PCT OF AREA BEARIN"
"649",2018,"CALIFORNIA",12,"MEASURED IN PCT OF AREA BEARIN"
"650",2018,"CALIFORNIA",12,"MEASURED IN PCT OF AREA BEARIN"
"651",2018,"CALIFORNIA",21,"MEASURED IN PCT OF AREA BEARIN"
"652",2018,"CALIFORNIA",10,"MEASURED IN PCT OF AREA BEARIN"
"653",2018,"CALIFORNIA",23,"MEASURED IN PCT OF AREA BEARIN"
"654",2018,"CALIFORNIA",64,"MEASURED IN PCT OF AREA BEARIN"
"655",2018,"CALIFORNIA",19,"MEASURED IN PCT OF AREA BEARIN"
"656",2018,"CALIFORNIA",4,"MEASURED IN PCT OF AREA BEARIN"
"657",2018,"CALIFORNIA",13,"MEASURED IN PCT OF AREA BEARIN"
"658",2018,"CALIFORNIA",71,"MEASURED IN PCT OF AREA BEARIN"
"659",2018,"CALIFORNIA",37,"MEASURED IN PCT OF AREA BEARIN"
"660",2018,"CALIFORNIA",13,"MEASURED IN PCT OF AREA BEARIN"
"661",2018,"CALIFORNIA",4,"MEASURED IN PCT OF AREA BEARIN"
"662",2018,"CALIFORNIA",6,"MEASURED IN PCT OF AREA BEARIN"
"663",2018,"CALIFORNIA",4,"MEASURED IN PCT OF AREA BEARIN"
"664",2018,"CALIFORNIA",7,"MEASURED IN PCT OF AREA BEARIN"
"665",2018,"CALIFORNIA",22,"MEASURED IN PCT OF AREA BEARIN"
"666",2018,"CALIFORNIA",10,"MEASURED IN PCT OF AREA BEARIN"
"667",2018,"CALIFORNIA",20,"MEASURED IN PCT OF AREA BEARIN"
"668",2018,"CALIFORNIA",29,"MEASURED IN PCT OF AREA BEARIN"
"669",2018,"CALIFORNIA",22,"MEASURED IN PCT OF AREA BEARIN"
"670",2018,"CALIFORNIA",19,"MEASURED IN PCT OF AREA BEARIN"
"671",2018,"CALIFORNIA",16,"MEASURED IN PCT OF AREA BEARIN"
"672",2018,"CALIFORNIA",7,"MEASURED IN PCT OF AREA BEARIN"
"673",2018,"CALIFORNIA",23,"MEASURED IN PCT OF AREA BEARIN"
"674",2018,"CALIFORNIA",21,"MEASURED IN PCT OF AREA BEARIN"
"675",2018,"CALIFORNIA",4,"MEASURED IN PCT OF AREA BEARIN"
"676",2018,"CALIFORNIA",21,"MEASURED IN PCT OF AREA BEARIN"
"677",2018,"CALIFORNIA",8,"MEASURED IN PCT OF AREA BEARIN"
"678",2018,"CALIFORNIA",2,"MEASURED IN PCT OF AREA BEARIN"
"679",2018,"CALIFORNIA",35,"MEASURED IN PCT OF AREA BEARIN"
"680",2018,"CALIFORNIA",9,"MEASURED IN PCT OF AREA BEARIN"
"681",2018,"CALIFORNIA",11,"MEASURED IN PCT OF AREA BEARIN"
"682",2018,"CALIFORNIA",18,"MEASURED IN PCT OF AREA BEARIN"
"683",2018,"CALIFORNIA",7,"MEASURED IN PCT OF AREA BEARIN"
"684",2018,"CALIFORNIA",13,"MEASURED IN PCT OF AREA BEARIN"
"685",2018,"CALIFORNIA",13,"MEASURED IN PCT OF AREA BEARIN"
"686",2018,"CALIFORNIA",23,"MEASURED IN PCT OF AREA BEARIN"
"687",2018,"CALIFORNIA",39,"MEASURED IN PCT OF AREA BEARIN"
"688",2018,"CALIFORNIA",8,"MEASURED IN PCT OF AREA BEARIN"
"689",2018,"CALIFORNIA",26,"MEASURED IN PCT OF AREA BEARIN"
"690",2018,"CALIFORNIA",18,"MEASURED IN PCT OF AREA BEARIN"
"691",2018,"CALIFORNIA",9,"MEASURED IN PCT OF AREA BEARIN"
"692",2018,"CALIFORNIA",12,"MEASURED IN PCT OF AREA BEARIN"
"693",2018,"CALIFORNIA",63,"MEASURED IN PCT OF AREA BEARIN"
"694",2018,"CALIFORNIA",30,"MEASURED IN PCT OF AREA BEARIN"
"695",2018,"CALIFORNIA",22,"MEASURED IN PCT OF AREA BEARIN"
"696",2018,"CALIFORNIA",9,"MEASURED IN PCT OF AREA BEARIN"
"697",2018,"CALIFORNIA",15,"MEASURED IN PCT OF AREA BEARIN"
"698",2018,"CALIFORNIA",45,"MEASURED IN PCT OF AREA BEARIN"
"699",2018,"CALIFORNIA",97,"MEASURED IN PCT OF AREA BEARIN"
"700",2018,"CALIFORNIA",93,"MEASURED IN PCT OF AREA BEARIN"
"701",2018,"CALIFORNIA",94,"MEASURED IN PCT OF AREA BEARIN"
"702",2018,"CALIFORNIA",81,"MEASURED IN PCT OF AREA BEARIN"
"703",2018,"CALIFORNIA",0,"MEASURED IN CWT"
"704",2018,"FLORIDA",250,"MEASURED IN CWT / ACRE"
"705",2018,"FLORIDA",1.858,"MEASURED IN LB / ACRE / APPLICATION"
"706",2018,"FLORIDA",0.33,"MEASURED IN LB / ACRE / APPLICATION"
"707",2018,"FLORIDA",0.221,"MEASURED IN LB / ACRE / APPLICATION"
"708",2018,"FLORIDA",1.632,"MEASURED IN LB / ACRE / APPLICATION"
"709",2018,"FLORIDA",1,"MEASURED IN LB / ACRE / APPLICATION"
"710",2018,"FLORIDA",1,"MEASURED IN LB / ACRE / APPLICATION"
"711",2018,"FLORIDA",9.193,"MEASURED IN LB / ACRE / YEAR"
"712",2018,"FLORIDA",0.997,"MEASURED IN LB / ACRE / YEAR"
"713",2018,"FLORIDA",0.501,"MEASURED IN LB / ACRE / YEAR"
"714",2018,"FLORIDA",6.049,"MEASURED IN LB / ACRE / YEAR"
"715",2018,"FLORIDA",14,"MEASURED IN LB / ACRE / YEAR"
"716",2018,"FLORIDA",4,"MEASURED IN LB / ACRE / YEAR"
"717",2018,"FLORIDA",17,"MEASURED IN LB / ACRE / YEAR"
"718",2018,"FLORIDA",4.9,"MEASURED IN NUMBER"
"719",2018,"FLORIDA",3,"MEASURED IN NUMBER"
"720",2018,"FLORIDA",2.3,"MEASURED IN NUMBER"
"721",2018,"FLORIDA",3.7,"MEASURED IN NUMBER"
"722",2018,"FLORIDA",18,"MEASURED IN NUMBER"
"723",2018,"FLORIDA",17.6,"MEASURED IN NUMBER"
"724",2018,"FLORIDA",18,"MEASURED IN NUMBER"
"725",2018,"FLORIDA",96,"MEASURED IN PCT OF AREA BEARIN"
"726",2018,"FLORIDA",33,"MEASURED IN PCT OF AREA BEARIN"
"727",2018,"FLORIDA",33,"MEASURED IN PCT OF AREA BEARIN"
"728",2018,"FLORIDA",37,"MEASURED IN PCT OF AREA BEARIN"
"729",2018,"FLORIDA",100,"MEASURED IN PCT OF AREA BEARIN"
"730",2018,"FLORIDA",37,"MEASURED IN PCT OF AREA BEARIN"
"731",2018,"FLORIDA",100,"MEASURED IN PCT OF AREA BEARIN"
"732",2018,"FLORIDA",97,"MEASURED IN PCT OF AREA BEARIN"
"733",2018,"FLORIDA",100,"MEASURED IN PCT OF AREA BEARIN"
"734",2018,"FLORIDA",0,"MEASURED IN CWT"
"735",2018,"FLORIDA",0,"MEASURED IN $"
"736",2018,"FLORIDA",0,"MEASURED IN CWT"
"737",2018,"FLORIDA",0,"MEASURED IN TONS"
"738",2018,"NEW YORK",700,"ACRES HARVESTED"
"739",2018,"NEW YORK",800,"ACRES PLANTED"
"740",2018,"NEW YORK",44,"MEASURED IN CWT / ACRE"
"741",2018,"NEW YORK",200,"MEASURED IN CWT"
"742",2018,"NORTH CAROLINA",125,"MEASURED IN CWT / ACRE"
"743",2018,"NORTH CAROLINA",0,"MEASURED IN CWT"
"744",2018,"NORTH CAROLINA",0,"MEASURED IN $"
"745",2018,"NORTH CAROLINA",0,"MEASURED IN CWT"
"746",2018,"NORTH CAROLINA",0,"MEASURED IN TONS"
"747",2018,"OREGON",100,"MEASURED IN CWT / ACRE"
"748",2018,"OREGON",700,"MEASURED IN CWT"
"749",2018,"WASHINGTON",820,"ACRES HARVESTED"
"750",2018,"WASHINGTON",900,"ACRES PLANTED"
"751",2018,"WASHINGTON",105,"MEASURED IN CWT / ACRE"
"752",2018,"WASHINGTON",300,"MEASURED IN CWT"
"753",2018,"CALIFORNIA",795,"MEASURED IN CWT / ACRE"
"754",2018,"FLORIDA",250,"MEASURED IN CWT / ACRE"
"755",2018,"FLORIDA",0,"MEASURED IN CWT"
"756",2018,"FLORIDA",0,"MEASURED IN $"
"757",2018,"FLORIDA",0,"MEASURED IN CWT"
"758",2018,"FLORIDA",0,"MEASURED IN TONS"
"759",2018,"NEW YORK",700,"ACRES HARVESTED"
"760",2018,"NEW YORK",800,"ACRES PLANTED"
"761",2018,"NEW YORK",44,"MEASURED IN CWT / ACRE"
"762",2018,"NEW YORK",200,"MEASURED IN CWT"
"763",2018,"NORTH CAROLINA",125,"MEASURED IN CWT / ACRE"
"764",2018,"NORTH CAROLINA",0,"MEASURED IN CWT"
"765",2018,"NORTH CAROLINA",0,"MEASURED IN $"
"766",2018,"NORTH CAROLINA",0,"MEASURED IN CWT"
"767",2018,"NORTH CAROLINA",0,"MEASURED IN TONS"
"768",2018,"OREGON",100,"MEASURED IN CWT / ACRE"
"769",2018,"OREGON",700,"MEASURED IN CWT"
"770",2018,"WASHINGTON",820,"ACRES HARVESTED"
"771",2018,"WASHINGTON",900,"ACRES PLANTED"
"772",2018,"WASHINGTON",105,"MEASURED IN CWT / ACRE"
"773",2018,"WASHINGTON",300,"MEASURED IN CWT"
"774",2017,"CALIFORNIA",103,"MEASURED IN $ / CWT"
"775",2017,"CALIFORNIA",123,"MEASURED IN $ / CWT"
"776",2017,"CALIFORNIA",35,"MEASURED IN $ / CWT"
"777",2017,"CALIFORNIA",645,"MEASURED IN $ / TON"
"778",2017,"FLORIDA",140,"MEASURED IN $ / CWT"
"779",2017,"NEW YORK",229,"MEASURED IN $ / CWT"
"780",2017,"NORTH CAROLINA",166,"MEASURED IN $ / CWT"
"781",2017,"NORTH CAROLINA",168,"MEASURED IN $ / CWT"
"782",2017,"NORTH CAROLINA",51.9,"MEASURED IN $ / CWT"
"783",2017,"OREGON",110,"MEASURED IN $ / CWT"
"784",2017,"OREGON",195,"MEASURED IN $ / CWT"
"785",2017,"OREGON",93.5,"MEASURED IN $ / CWT"
"786",2017,"OTHER STATES",0,"MEASURED IN $ / CWT"
"787",2017,"OTHER STATES",143,"MEASURED IN $ / CWT"
"788",2017,"OTHER STATES",69.1,"MEASURED IN $ / CWT"
"789",2017,"WASHINGTON",107,"MEASURED IN $ / CWT"
"790",2017,"CALIFORNIA",645,"MEASURED IN CWT / ACRE"
"791",2017,"FLORIDA",225,"MEASURED IN CWT / ACRE"
"792",2017,"FLORIDA",0,"MEASURED IN CWT"
"793",2017,"NEW YORK",39,"MEASURED IN CWT / ACRE"
"794",2017,"NORTH CAROLINA",135,"MEASURED IN CWT / ACRE"
"795",2017,"NORTH CAROLINA",149,"MEASURED IN TONS"
"796",2017,"OREGON",91,"MEASURED IN CWT / ACRE"
"797",2017,"OREGON",0,"MEASURED IN CWT"
"798",2017,"OTHER STATES",0,"ACRES HARVESTED"
"799",2017,"OTHER STATES",0,"ACRES PLANTED"
"800",2017,"OTHER STATES",0,"MEASURED IN $"
"801",2017,"OTHER STATES",0,"MEASURED IN CWT"
"802",2017,"OTHER STATES",0,"MEASURED IN CWT / ACRE"
"803",2017,"OTHER STATES",0,"MEASURED IN CWT"
"804",2017,"OTHER STATES",0,"MEASURED IN CWT"
"805",2017,"WASHINGTON",95,"MEASURED IN CWT / ACRE"
"806",2017,"CALIFORNIA",710,"MEASURED IN CWT / ACRE"
"807",2017,"CALIFORNIA",0,"MEASURED IN CWT"
"808",2017,"FLORIDA",230,"MEASURED IN CWT / ACRE"
"809",2017,"NEW YORK",700,"ACRES HARVESTED"
"810",2017,"NEW YORK",39,"MEASURED IN CWT / ACRE"
"811",2017,"NORTH CAROLINA",135,"MEASURED IN CWT / ACRE"
"812",2017,"NORTH CAROLINA",0,"MEASURED IN CWT"
"813",2017,"NORTH CAROLINA",150,"MEASURED IN TONS"
"814",2017,"OREGON",85,"MEASURED IN CWT / ACRE"
"815",2017,"OTHER STATES",0,"ACRES HARVESTED"
"816",2017,"OTHER STATES",0,"MEASURED IN $"
"817",2017,"OTHER STATES",0,"MEASURED IN CWT"
"818",2017,"OTHER STATES",0,"MEASURED IN CWT / ACRE"
"819",2017,"OTHER STATES",0,"MEASURED IN CWT"
"820",2017,"OTHER STATES",0,"MEASURED IN CWT"
"821",2017,"WASHINGTON",800,"ACRES HARVESTED"
"822",2017,"WASHINGTON",95,"MEASURED IN CWT / ACRE"
"823",2016,"CALIFORNIA",105,"MEASURED IN $ / CWT"
"824",2016,"CALIFORNIA",123,"MEASURED IN $ / CWT"
"825",2016,"CALIFORNIA",45.9,"MEASURED IN $ / CWT"
"826",2016,"FLORIDA",166,"MEASURED IN $ / CWT"
"827",2016,"FLORIDA",166,"MEASURED IN $ / CWT"
"828",2016,"FLORIDA",0,"MEASURED IN $ / CWT"
"829",2016,"NEW YORK",235,"MEASURED IN $ / CWT"
"830",2016,"NEW YORK",235,"MEASURED IN $ / CWT"
"831",2016,"NEW YORK",0,"MEASURED IN $ / CWT"
"832",2016,"NORTH CAROLINA",187,"MEASURED IN $ / CWT"
"833",2016,"NORTH CAROLINA",187,"MEASURED IN $ / CWT"
"834",2016,"NORTH CAROLINA",0,"MEASURED IN $ / CWT"
"835",2016,"OREGON",86.7,"MEASURED IN $ / CWT"
"836",2016,"OREGON",108,"MEASURED IN $ / CWT"
"837",2016,"OREGON",83,"MEASURED IN $ / CWT"
"838",2016,"OTHER STATES",0,"MEASURED IN $ / CWT"
"839",2016,"OTHER STATES",0,"MEASURED IN $ / CWT"
"840",2016,"OTHER STATES",0,"MEASURED IN $ / CWT"
"841",2016,"WASHINGTON",116,"MEASURED IN $ / CWT"
"842",2016,"WASHINGTON",205,"MEASURED IN $ / CWT"
"843",2016,"WASHINGTON",88,"MEASURED IN $ / CWT"
"844",2016,"CALIFORNIA",710,"MEASURED IN CWT / ACRE"
"845",2016,"CALIFORNIA",300,"MEASURED IN LB"
"846",2016,"CALIFORNIA",700,"MEASURED IN LB"
"847",2016,"CALIFORNIA",600,"MEASURED IN LB"
"848",2016,"CALIFORNIA",500,"MEASURED IN LB"
"849",2016,"CALIFORNIA",300,"MEASURED IN LB"
"850",2016,"CALIFORNIA",700,"MEASURED IN LB"
"851",2016,"CALIFORNIA",700,"MEASURED IN LB"
"852",2016,"CALIFORNIA",0.227,"MEASURED IN LB / ACRE / APPLICATION"
"853",2016,"CALIFORNIA",0.533,"MEASURED IN LB / ACRE / APPLICATION"
"854",2016,"CALIFORNIA",0.352,"MEASURED IN LB / ACRE / APPLICATION"
"855",2016,"CALIFORNIA",1.659,"MEASURED IN LB / ACRE / APPLICATION"
"856",2016,"CALIFORNIA",0.022,"MEASURED IN LB / ACRE / APPLICATION"
"857",2016,"CALIFORNIA",0.327,"MEASURED IN LB / ACRE / APPLICATION"
"858",2016,"CALIFORNIA",0.715,"MEASURED IN LB / ACRE / APPLICATION"
"859",2016,"CALIFORNIA",0.218,"MEASURED IN LB / ACRE / APPLICATION"
"860",2016,"CALIFORNIA",0.124,"MEASURED IN LB / ACRE / APPLICATION"
"861",2016,"CALIFORNIA",0.177,"MEASURED IN LB / ACRE / APPLICATION"
"862",2016,"CALIFORNIA",0.471,"MEASURED IN LB / ACRE / APPLICATION"
"863",2016,"CALIFORNIA",0.115,"MEASURED IN LB / ACRE / APPLICATION"
"864",2016,"CALIFORNIA",0.297,"MEASURED IN LB / ACRE / APPLICATION"
"865",2016,"CALIFORNIA",0.044,"MEASURED IN LB / ACRE / APPLICATION"
"866",2016,"CALIFORNIA",2.392,"MEASURED IN LB / ACRE / APPLICATION"
"867",2016,"CALIFORNIA",0.112,"MEASURED IN LB / ACRE / APPLICATION"
"868",2016,"CALIFORNIA",0.178,"MEASURED IN LB / ACRE / APPLICATION"
"869",2016,"CALIFORNIA",0.658,"MEASURED IN LB / ACRE / APPLICATION"
"870",2016,"CALIFORNIA",0.096,"MEASURED IN LB / ACRE / APPLICATION"
"871",2016,"CALIFORNIA",3.712,"MEASURED IN LB / ACRE / APPLICATION"
"872",2016,"CALIFORNIA",0.037,"MEASURED IN LB / ACRE / APPLICATION"
"873",2016,"CALIFORNIA",0.826,"MEASURED IN LB / ACRE / APPLICATION"
"874",2016,"CALIFORNIA",0.108,"MEASURED IN LB / ACRE / APPLICATION"
"875",2016,"CALIFORNIA",0.234,"MEASURED IN LB / ACRE / APPLICATION"
"876",2016,"CALIFORNIA",0.091,"MEASURED IN LB / ACRE / APPLICATION"
"877",2016,"CALIFORNIA",0.467,"MEASURED IN LB / ACRE / APPLICATION"
"878",2016,"CALIFORNIA",1.382,"MEASURED IN LB / ACRE / APPLICATION"
"879",2016,"CALIFORNIA",0.019,"MEASURED IN LB / ACRE / APPLICATION"
"880",2016,"CALIFORNIA",0.294,"MEASURED IN LB / ACRE / APPLICATION"
"881",2016,"CALIFORNIA",0.124,"MEASURED IN LB / ACRE / APPLICATION"
"882",2016,"CALIFORNIA",0.037,"MEASURED IN LB / ACRE / APPLICATION"
"883",2016,"CALIFORNIA",0.499,"MEASURED IN LB / ACRE / APPLICATION"
"884",2016,"CALIFORNIA",0.107,"MEASURED IN LB / ACRE / APPLICATION"
"885",2016,"CALIFORNIA",0.061,"MEASURED IN LB / ACRE / APPLICATION"
"886",2016,"CALIFORNIA",0.179,"MEASURED IN LB / ACRE / APPLICATION"
"887",2016,"CALIFORNIA",0.293,"MEASURED IN LB / ACRE / APPLICATION"
"888",2016,"CALIFORNIA",0.086,"MEASURED IN LB / ACRE / APPLICATION"
"889",2016,"CALIFORNIA",0.182,"MEASURED IN LB / ACRE / APPLICATION"
"890",2016,"CALIFORNIA",0.188,"MEASURED IN LB / ACRE / APPLICATION"
"891",2016,"CALIFORNIA",0.477,"MEASURED IN LB / ACRE / APPLICATION"
"892",2016,"CALIFORNIA",1.957,"MEASURED IN LB / ACRE / APPLICATION"
"893",2016,"CALIFORNIA",0.173,"MEASURED IN LB / ACRE / APPLICATION"
"894",2016,"CALIFORNIA",0.9,"MEASURED IN LB / ACRE / APPLICATION"
"895",2016,"CALIFORNIA",0.987,"MEASURED IN LB / ACRE / APPLICATION"
"896",2016,"CALIFORNIA",5.86,"MEASURED IN LB / ACRE / APPLICATION"
"897",2016,"CALIFORNIA",0.078,"MEASURED IN LB / ACRE / APPLICATION"
"898",2016,"CALIFORNIA",0.044,"MEASURED IN LB / ACRE / APPLICATION"
"899",2016,"CALIFORNIA",0.07,"MEASURED IN LB / ACRE / APPLICATION"
"900",2016,"CALIFORNIA",0.09,"MEASURED IN LB / ACRE / APPLICATION"
"901",2016,"CALIFORNIA",0.25,"MEASURED IN LB / ACRE / APPLICATION"
"902",2016,"CALIFORNIA",0.062,"MEASURED IN LB / ACRE / APPLICATION"
"903",2016,"CALIFORNIA",251.559,"MEASURED IN LB / ACRE / APPLICATION"
"904",2016,"CALIFORNIA",104.337,"MEASURED IN LB / ACRE / APPLICATION"
"905",2016,"CALIFORNIA",0.114,"MEASURED IN LB / ACRE / APPLICATION"
"906",2016,"CALIFORNIA",0.199,"MEASURED IN LB / ACRE / APPLICATION"
"907",2016,"CALIFORNIA",0.28,"MEASURED IN LB / ACRE / YEAR"
"908",2016,"CALIFORNIA",0.689,"MEASURED IN LB / ACRE / YEAR"
"909",2016,"CALIFORNIA",0.583,"MEASURED IN LB / ACRE / YEAR"
"910",2016,"CALIFORNIA",6.559,"MEASURED IN LB / ACRE / YEAR"
"911",2016,"CALIFORNIA",0.03,"MEASURED IN LB / ACRE / YEAR"
"912",2016,"CALIFORNIA",0.54,"MEASURED IN LB / ACRE / YEAR"
"913",2016,"CALIFORNIA",1.442,"MEASURED IN LB / ACRE / YEAR"
"914",2016,"CALIFORNIA",0.36,"MEASURED IN LB / ACRE / YEAR"
"915",2016,"CALIFORNIA",0.155,"MEASURED IN LB / ACRE / YEAR"
"916",2016,"CALIFORNIA",0.208,"MEASURED IN LB / ACRE / YEAR"
"917",2016,"CALIFORNIA",0.506,"MEASURED IN LB / ACRE / YEAR"
"918",2016,"CALIFORNIA",0.186,"MEASURED IN LB / ACRE / YEAR"
"919",2016,"CALIFORNIA",0.399,"MEASURED IN LB / ACRE / YEAR"
"920",2016,"CALIFORNIA",0.055,"MEASURED IN LB / ACRE / YEAR"
"921",2016,"CALIFORNIA",2.46,"MEASURED IN LB / ACRE / YEAR"
"922",2016,"CALIFORNIA",0.184,"MEASURED IN LB / ACRE / YEAR"
"923",2016,"CALIFORNIA",0.35,"MEASURED IN LB / ACRE / YEAR"
"924",2016,"CALIFORNIA",1.106,"MEASURED IN LB / ACRE / YEAR"
"925",2016,"CALIFORNIA",0.168,"MEASURED IN LB / ACRE / YEAR"
"926",2016,"CALIFORNIA",20.064,"MEASURED IN LB / ACRE / YEAR"
"927",2016,"CALIFORNIA",0.05,"MEASURED IN LB / ACRE / YEAR"
"928",2016,"CALIFORNIA",1.582,"MEASURED IN LB / ACRE / YEAR"
"929",2016,"CALIFORNIA",0.161,"MEASURED IN LB / ACRE / YEAR"
"930",2016,"CALIFORNIA",0.412,"MEASURED IN LB / ACRE / YEAR"
"931",2016,"CALIFORNIA",0.116,"MEASURED IN LB / ACRE / YEAR"
"932",2016,"CALIFORNIA",0.535,"MEASURED IN LB / ACRE / YEAR"
"933",2016,"CALIFORNIA",2.268,"MEASURED IN LB / ACRE / YEAR"
"934",2016,"CALIFORNIA",0.026,"MEASURED IN LB / ACRE / YEAR"
"935",2016,"CALIFORNIA",0.334,"MEASURED IN LB / ACRE / YEAR"
"936",2016,"CALIFORNIA",0.188,"MEASURED IN LB / ACRE / YEAR"
"937",2016,"CALIFORNIA",0.067,"MEASURED IN LB / ACRE / YEAR"
"938",2016,"CALIFORNIA",0.639,"MEASURED IN LB / ACRE / YEAR"
"939",2016,"CALIFORNIA",0.163,"MEASURED IN LB / ACRE / YEAR"
"940",2016,"CALIFORNIA",0.098,"MEASURED IN LB / ACRE / YEAR"
"941",2016,"CALIFORNIA",0.253,"MEASURED IN LB / ACRE / YEAR"
"942",2016,"CALIFORNIA",0.435,"MEASURED IN LB / ACRE / YEAR"
"943",2016,"CALIFORNIA",0.151,"MEASURED IN LB / ACRE / YEAR"
"944",2016,"CALIFORNIA",0.249,"MEASURED IN LB / ACRE / YEAR"
"945",2016,"CALIFORNIA",0.22,"MEASURED IN LB / ACRE / YEAR"
"946",2016,"CALIFORNIA",0.562,"MEASURED IN LB / ACRE / YEAR"
"947",2016,"CALIFORNIA",2.808,"MEASURED IN LB / ACRE / YEAR"
"948",2016,"CALIFORNIA",0.207,"MEASURED IN LB / ACRE / YEAR"
"949",2016,"CALIFORNIA",1.24,"MEASURED IN LB / ACRE / YEAR"
"950",2016,"CALIFORNIA",1.225,"MEASURED IN LB / ACRE / YEAR"
"951",2016,"CALIFORNIA",10.173,"MEASURED IN LB / ACRE / YEAR"
"952",2016,"CALIFORNIA",0.136,"MEASURED IN LB / ACRE / YEAR"
"953",2016,"CALIFORNIA",0.172,"MEASURED IN LB / ACRE / YEAR"
"954",2016,"CALIFORNIA",0.103,"MEASURED IN LB / ACRE / YEAR"
"955",2016,"CALIFORNIA",0.098,"MEASURED IN LB / ACRE / YEAR"
"956",2016,"CALIFORNIA",0.329,"MEASURED IN LB / ACRE / YEAR"
"957",2016,"CALIFORNIA",0.077,"MEASURED IN LB / ACRE / YEAR"
"958",2016,"CALIFORNIA",281.09,"MEASURED IN LB / ACRE / YEAR"
"959",2016,"CALIFORNIA",112.439,"MEASURED IN LB / ACRE / YEAR"
"960",2016,"CALIFORNIA",0.2,"MEASURED IN LB / ACRE / YEAR"
"961",2016,"CALIFORNIA",0.296,"MEASURED IN LB / ACRE / YEAR"
"962",2016,"CALIFORNIA",1.2,"MEASURED IN NUMBER"
"963",2016,"CALIFORNIA",1.1,"MEASURED IN NUMBER"
"964",2016,"CALIFORNIA",1.4,"MEASURED IN NUMBER"
"965",2016,"CALIFORNIA",1.8,"MEASURED IN NUMBER"
"966",2016,"CALIFORNIA",1.3,"MEASURED IN NUMBER"
"967",2016,"CALIFORNIA",1.7,"MEASURED IN NUMBER"
"968",2016,"CALIFORNIA",4,"MEASURED IN NUMBER"
"969",2016,"CALIFORNIA",1.3,"MEASURED IN NUMBER"
"970",2016,"CALIFORNIA",1.6,"MEASURED IN NUMBER"
"971",2016,"CALIFORNIA",2,"MEASURED IN NUMBER"
"972",2016,"CALIFORNIA",1.6,"MEASURED IN NUMBER"
"973",2016,"CALIFORNIA",1.2,"MEASURED IN NUMBER"
"974",2016,"CALIFORNIA",1.2,"MEASURED IN NUMBER"
"975",2016,"CALIFORNIA",1.1,"MEASURED IN NUMBER"
"976",2016,"CALIFORNIA",1.6,"MEASURED IN NUMBER"
"977",2016,"CALIFORNIA",1.3,"MEASURED IN NUMBER"
"978",2016,"CALIFORNIA",1.3,"MEASURED IN NUMBER"
"979",2016,"CALIFORNIA",1,"MEASURED IN NUMBER"
"980",2016,"CALIFORNIA",1.6,"MEASURED IN NUMBER"
"981",2016,"CALIFORNIA",2,"MEASURED IN NUMBER"
"982",2016,"CALIFORNIA",1.7,"MEASURED IN NUMBER"
"983",2016,"CALIFORNIA",1.7,"MEASURED IN NUMBER"
"984",2016,"CALIFORNIA",5.4,"MEASURED IN NUMBER"
"985",2016,"CALIFORNIA",1.3,"MEASURED IN NUMBER"
"986",2016,"CALIFORNIA",1.9,"MEASURED IN NUMBER"
"987",2016,"CALIFORNIA",1.5,"MEASURED IN NUMBER"
"988",2016,"CALIFORNIA",1.8,"MEASURED IN NUMBER"
"989",2016,"CALIFORNIA",1.3,"MEASURED IN NUMBER"
"990",2016,"CALIFORNIA",1.1,"MEASURED IN NUMBER"
"991",2016,"CALIFORNIA",1.6,"MEASURED IN NUMBER"
"992",2016,"CALIFORNIA",1.4,"MEASURED IN NUMBER"
"993",2016,"CALIFORNIA",1.1,"MEASURED IN NUMBER"
"994",2016,"CALIFORNIA",1.5,"MEASURED IN NUMBER"
"995",2016,"CALIFORNIA",1.8,"MEASURED IN NUMBER"
"996",2016,"CALIFORNIA",1.3,"MEASURED IN NUMBER"
"997",2016,"CALIFORNIA",1.5,"MEASURED IN NUMBER"
"998",2016,"CALIFORNIA",2.1,"MEASURED IN NUMBER"
"999",2016,"CALIFORNIA",4.5,"MEASURED IN NUMBER"
"1000",2016,"CALIFORNIA",1.4,"MEASURED IN NUMBER"
"1001",2016,"CALIFORNIA",1.6,"MEASURED IN NUMBER"
"1002",2016,"CALIFORNIA",1.1,"MEASURED IN NUMBER"
"1003",2016,"CALIFORNIA",1.4,"MEASURED IN NUMBER"
"1004",2016,"CALIFORNIA",1.5,"MEASURED IN NUMBER"
"1005",2016,"CALIFORNIA",1.8,"MEASURED IN NUMBER"
"1006",2016,"CALIFORNIA",1.4,"MEASURED IN NUMBER"
"1007",2016,"CALIFORNIA",1.2,"MEASURED IN NUMBER"
"1008",2016,"CALIFORNIA",1.2,"MEASURED IN NUMBER"
"1009",2016,"CALIFORNIA",1.4,"MEASURED IN NUMBER"
"1010",2016,"CALIFORNIA",1.2,"MEASURED IN NUMBER"
"1011",2016,"CALIFORNIA",1.4,"MEASURED IN NUMBER"
"1012",2016,"CALIFORNIA",1.2,"MEASURED IN NUMBER"
"1013",2016,"CALIFORNIA",1.7,"MEASURED IN NUMBER"
"1014",2016,"CALIFORNIA",1.8,"MEASURED IN NUMBER"
"1015",2016,"CALIFORNIA",3.9,"MEASURED IN NUMBER"
"1016",2016,"CALIFORNIA",1.5,"MEASURED IN NUMBER"
"1017",2016,"CALIFORNIA",1.1,"MEASURED IN NUMBER"
"1018",2016,"CALIFORNIA",1.3,"MEASURED IN NUMBER"
"1019",2016,"CALIFORNIA",1.2,"MEASURED IN NUMBER"
"1020",2016,"CALIFORNIA",1.1,"MEASURED IN NUMBER"
"1021",2016,"CALIFORNIA",1.1,"MEASURED IN NUMBER"
"1022",2016,"CALIFORNIA",1.8,"MEASURED IN NUMBER"
"1023",2016,"CALIFORNIA",1.5,"MEASURED IN NUMBER"
"1024",2016,"CALIFORNIA",22,"MEASURED IN PCT OF AREA BEARIN"
"1025",2016,"CALIFORNIA",8,"MEASURED IN PCT OF AREA BEARIN"
"1026",2016,"CALIFORNIA",2,"MEASURED IN PCT OF AREA BEARIN"
"1027",2016,"CALIFORNIA",2,"MEASURED IN PCT OF AREA BEARIN"
"1028",2016,"CALIFORNIA",17,"MEASURED IN PCT OF AREA BEARIN"
"1029",2016,"CALIFORNIA",49,"MEASURED IN PCT OF AREA BEARIN"
"1030",2016,"CALIFORNIA",88,"MEASURED IN PCT OF AREA BEARIN"
"1031",2016,"CALIFORNIA",25,"MEASURED IN PCT OF AREA BEARIN"
"1032",2016,"CALIFORNIA",66,"MEASURED IN PCT OF AREA BEARIN"
"1033",2016,"CALIFORNIA",37,"MEASURED IN PCT OF AREA BEARIN"
"1034",2016,"CALIFORNIA",66,"MEASURED IN PCT OF AREA BEARIN"
"1035",2016,"CALIFORNIA",17,"MEASURED IN PCT OF AREA BEARIN"
"1036",2016,"CALIFORNIA",37,"MEASURED IN PCT OF AREA BEARIN"
"1037",2016,"CALIFORNIA",12,"MEASURED IN PCT OF AREA BEARIN"
"1038",2016,"CALIFORNIA",41,"MEASURED IN PCT OF AREA BEARIN"
"1039",2016,"CALIFORNIA",29,"MEASURED IN PCT OF AREA BEARIN"
"1040",2016,"CALIFORNIA",33,"MEASURED IN PCT OF AREA BEARIN"
"1041",2016,"CALIFORNIA",34,"MEASURED IN PCT OF AREA BEARIN"
"1042",2016,"CALIFORNIA",31,"MEASURED IN PCT OF AREA BEARIN"
"1043",2016,"CALIFORNIA",65,"MEASURED IN PCT OF AREA BEARIN"
"1044",2016,"CALIFORNIA",33,"MEASURED IN PCT OF AREA BEARIN"
"1045",2016,"CALIFORNIA",53,"MEASURED IN PCT OF AREA BEARIN"
"1046",2016,"CALIFORNIA",82,"MEASURED IN PCT OF AREA BEARIN"
"1047",2016,"CALIFORNIA",30,"MEASURED IN PCT OF AREA BEARIN"
"1048",2016,"CALIFORNIA",11,"MEASURED IN PCT OF AREA BEARIN"
"1049",2016,"CALIFORNIA",96,"MEASURED IN PCT OF AREA BEARIN"
"1050",2016,"CALIFORNIA",31,"MEASURED IN PCT OF AREA BEARIN"
"1051",2016,"CALIFORNIA",35,"MEASURED IN PCT OF AREA BEARIN"
"1052",2016,"CALIFORNIA",12,"MEASURED IN PCT OF AREA BEARIN"
"1053",2016,"CALIFORNIA",15,"MEASURED IN PCT OF AREA BEARIN"
"1054",2016,"CALIFORNIA",18,"MEASURED IN PCT OF AREA BEARIN"
"1055",2016,"CALIFORNIA",22,"MEASURED IN PCT OF AREA BEARIN"
"1056",2016,"CALIFORNIA",34,"MEASURED IN PCT OF AREA BEARIN"
"1057",2016,"CALIFORNIA",19,"MEASURED IN PCT OF AREA BEARIN"
"1058",2016,"CALIFORNIA",46,"MEASURED IN PCT OF AREA BEARIN"
"1059",2016,"CALIFORNIA",59,"MEASURED IN PCT OF AREA BEARIN"
"1060",2016,"CALIFORNIA",25,"MEASURED IN PCT OF AREA BEARIN"
"1061",2016,"CALIFORNIA",43,"MEASURED IN PCT OF AREA BEARIN"
"1062",2016,"CALIFORNIA",36,"MEASURED IN PCT OF AREA BEARIN"
"1063",2016,"CALIFORNIA",4,"MEASURED IN PCT OF AREA BEARIN"
"1064",2016,"CALIFORNIA",37,"MEASURED IN PCT OF AREA BEARIN"
"1065",2016,"CALIFORNIA",37,"MEASURED IN PCT OF AREA BEARIN"
"1066",2016,"CALIFORNIA",4,"MEASURED IN PCT OF AREA BEARIN"
"1067",2016,"CALIFORNIA",33,"MEASURED IN PCT OF AREA BEARIN"
"1068",2016,"CALIFORNIA",27,"MEASURED IN PCT OF AREA BEARIN"
"1069",2016,"CALIFORNIA",71,"MEASURED IN PCT OF AREA BEARIN"
"1070",2016,"CALIFORNIA",21,"MEASURED IN PCT OF AREA BEARIN"
"1071",2016,"CALIFORNIA",13,"MEASURED IN PCT OF AREA BEARIN"
"1072",2016,"CALIFORNIA",13,"MEASURED IN PCT OF AREA BEARIN"
"1073",2016,"CALIFORNIA",20,"MEASURED IN PCT OF AREA BEARIN"
"1074",2016,"CALIFORNIA",32,"MEASURED IN PCT OF AREA BEARIN"
"1075",2016,"CALIFORNIA",21,"MEASURED IN PCT OF AREA BEARIN"
"1076",2016,"CALIFORNIA",4,"MEASURED IN PCT OF AREA BEARIN"
"1077",2016,"CALIFORNIA",49,"MEASURED IN PCT OF AREA BEARIN"
"1078",2016,"CALIFORNIA",62,"MEASURED IN PCT OF AREA BEARIN"
"1079",2016,"CALIFORNIA",22,"MEASURED IN PCT OF AREA BEARIN"
"1080",2016,"CALIFORNIA",55,"MEASURED IN PCT OF AREA BEARIN"
"1081",2016,"CALIFORNIA",17,"MEASURED IN PCT OF AREA BEARIN"
"1082",2016,"CALIFORNIA",23,"MEASURED IN PCT OF AREA BEARIN"
"1083",2016,"CALIFORNIA",24,"MEASURED IN PCT OF AREA BEARIN"
"1084",2016,"CALIFORNIA",90,"MEASURED IN PCT OF AREA BEARIN"
"1085",2016,"CALIFORNIA",52,"MEASURED IN PCT OF AREA BEARIN"
"1086",2016,"CALIFORNIA",19,"MEASURED IN PCT OF AREA BEARIN"
"1087",2016,"CALIFORNIA",21,"MEASURED IN PCT OF AREA BEARIN"
"1088",2016,"CALIFORNIA",26,"MEASURED IN PCT OF AREA BEARIN"
"1089",2016,"CALIFORNIA",71,"MEASURED IN PCT OF AREA BEARIN"
"1090",2016,"FLORIDA",205,"MEASURED IN CWT / ACRE"
"1091",2016,"FLORIDA",800,"MEASURED IN LB"
"1092",2016,"FLORIDA",800,"MEASURED IN LB"
"1093",2016,"FLORIDA",0.114,"MEASURED IN LB / ACRE / APPLICATION"
"1094",2016,"FLORIDA",1.909,"MEASURED IN LB / ACRE / APPLICATION"
"1095",2016,"FLORIDA",0.01,"MEASURED IN LB / ACRE / APPLICATION"
"1096",2016,"FLORIDA",0.322,"MEASURED IN LB / ACRE / APPLICATION"
"1097",2016,"FLORIDA",0.224,"MEASURED IN LB / ACRE / APPLICATION"
"1098",2016,"FLORIDA",0.362,"MEASURED IN LB / ACRE / APPLICATION"
"1099",2016,"FLORIDA",0.659,"MEASURED IN LB / ACRE / APPLICATION"
"1100",2016,"FLORIDA",0.46,"MEASURED IN LB / ACRE / APPLICATION"
"1101",2016,"FLORIDA",0.117,"MEASURED IN LB / ACRE / APPLICATION"
"1102",2016,"FLORIDA",0.054,"MEASURED IN LB / ACRE / APPLICATION"
"1103",2016,"FLORIDA",0.039,"MEASURED IN LB / ACRE / APPLICATION"
"1104",2016,"FLORIDA",0.255,"MEASURED IN LB / ACRE / YEAR"
"1105",2016,"FLORIDA",15.109,"MEASURED IN LB / ACRE / YEAR"
"1106",2016,"FLORIDA",0.019,"MEASURED IN LB / ACRE / YEAR"
"1107",2016,"FLORIDA",0.666,"MEASURED IN LB / ACRE / YEAR"
"1108",2016,"FLORIDA",0.423,"MEASURED IN LB / ACRE / YEAR"
"1109",2016,"FLORIDA",0.544,"MEASURED IN LB / ACRE / YEAR"
"1110",2016,"FLORIDA",1.298,"MEASURED IN LB / ACRE / YEAR"
"1111",2016,"FLORIDA",0.84,"MEASURED IN LB / ACRE / YEAR"
"1112",2016,"FLORIDA",0.162,"MEASURED IN LB / ACRE / YEAR"
"1113",2016,"FLORIDA",0.08,"MEASURED IN LB / ACRE / YEAR"
"1114",2016,"FLORIDA",0.092,"MEASURED IN LB / ACRE / YEAR"
"1115",2016,"FLORIDA",2.2,"MEASURED IN NUMBER"
"1116",2016,"FLORIDA",7.9,"MEASURED IN NUMBER"
"1117",2016,"FLORIDA",1.8,"MEASURED IN NUMBER"
"1118",2016,"FLORIDA",2.1,"MEASURED IN NUMBER"
"1119",2016,"FLORIDA",1.9,"MEASURED IN NUMBER"
"1120",2016,"FLORIDA",1.5,"MEASURED IN NUMBER"
"1121",2016,"FLORIDA",2,"MEASURED IN NUMBER"
"1122",2016,"FLORIDA",1.8,"MEASURED IN NUMBER"
"1123",2016,"FLORIDA",1.4,"MEASURED IN NUMBER"
"1124",2016,"FLORIDA",1.5,"MEASURED IN NUMBER"
"1125",2016,"FLORIDA",2.4,"MEASURED IN NUMBER"
"1126",2016,"FLORIDA",95,"MEASURED IN PCT OF AREA BEARIN"
"1127",2016,"FLORIDA",99,"MEASURED IN PCT OF AREA BEARIN"
"1128",2016,"FLORIDA",11,"MEASURED IN PCT OF AREA BEARIN"
"1129",2016,"FLORIDA",97,"MEASURED IN PCT OF AREA BEARIN"
"1130",2016,"FLORIDA",97,"MEASURED IN PCT OF AREA BEARIN"
"1131",2016,"FLORIDA",62,"MEASURED IN PCT OF AREA BEARIN"
"1132",2016,"FLORIDA",98,"MEASURED IN PCT OF AREA BEARIN"
"1133",2016,"FLORIDA",100,"MEASURED IN PCT OF AREA BEARIN"
"1134",2016,"FLORIDA",96,"MEASURED IN PCT OF AREA BEARIN"
"1135",2016,"FLORIDA",44,"MEASURED IN PCT OF AREA BEARIN"
"1136",2016,"FLORIDA",94,"MEASURED IN PCT OF AREA BEARIN"
"1137",2016,"FLORIDA",96,"MEASURED IN PCT OF AREA BEARIN"
"1138",2016,"FLORIDA",99,"MEASURED IN PCT OF AREA BEARIN"
"1139",2016,"FLORIDA",0,"MEASURED IN CWT"
"1140",2016,"FLORIDA",0,"MEASURED IN $"
"1141",2016,"FLORIDA",0,"MEASURED IN CWT"
"1142",2016,"FLORIDA",0,"MEASURED IN TONS"
"1143",2016,"NEW YORK",40,"MEASURED IN CWT / ACRE"
"1144",2016,"NEW YORK",0,"MEASURED IN CWT"
"1145",2016,"NEW YORK",0,"MEASURED IN $"
"1146",2016,"NEW YORK",0,"MEASURED IN CWT"
"1147",2016,"NORTH CAROLINA",120,"MEASURED IN CWT / ACRE"
"1148",2016,"NORTH CAROLINA",0,"MEASURED IN CWT"
"1149",2016,"NORTH CAROLINA",0,"MEASURED IN $"
"1150",2016,"NORTH CAROLINA",0,"MEASURED IN CWT"
"1151",2016,"OREGON",97,"MEASURED IN CWT / ACRE"
"1152",2016,"OREGON",800,"MEASURED IN LB"
"1153",2016,"OREGON",86,"MEASURED IN PCT OF AREA BEARIN"
"1154",2016,"OREGON",42,"MEASURED IN PCT OF AREA BEARIN"
"1155",2016,"OREGON",0,"MEASURED IN CWT"
"1156",2016,"OTHER STATES",0,"ACRES HARVESTED"
"1157",2016,"OTHER STATES",0,"ACRES PLANTED"
"1158",2016,"OTHER STATES",0,"MEASURED IN $"
"1159",2016,"OTHER STATES",0,"MEASURED IN CWT"
"1160",2016,"OTHER STATES",0,"MEASURED IN CWT / ACRE"
"1161",2016,"OTHER STATES",0,"MEASURED IN $"
"1162",2016,"OTHER STATES",0,"MEASURED IN CWT"
"1163",2016,"OTHER STATES",0,"MEASURED IN CWT"
"1164",2016,"OTHER STATES",0,"MEASURED IN $"
"1165",2016,"OTHER STATES",0,"MEASURED IN CWT"
"1166",2016,"OTHER STATES",0,"MEASURED IN CWT"
"1167",2016,"WASHINGTON",94,"MEASURED IN CWT / ACRE"
"1168",2016,"WASHINGTON",100,"MEASURED IN LB"
"1169",2016,"WASHINGTON",200,"MEASURED IN LB"
"1170",2016,"WASHINGTON",200,"MEASURED IN LB"
"1171",2016,"WASHINGTON",0.276,"MEASURED IN LB / ACRE / APPLICATION"
"1172",2016,"WASHINGTON",0.155,"MEASURED IN LB / ACRE / APPLICATION"
"1173",2016,"WASHINGTON",0.228,"MEASURED IN LB / ACRE / APPLICATION"
"1174",2016,"WASHINGTON",0.317,"MEASURED IN LB / ACRE / YEAR"
"1175",2016,"WASHINGTON",0.27,"MEASURED IN LB / ACRE / YEAR"
"1176",2016,"WASHINGTON",0.305,"MEASURED IN LB / ACRE / YEAR"
"1177",2016,"WASHINGTON",1.1,"MEASURED IN NUMBER"
"1178",2016,"WASHINGTON",1.7,"MEASURED IN NUMBER"
"1179",2016,"WASHINGTON",1.3,"MEASURED IN NUMBER"
"1180",2016,"WASHINGTON",53,"MEASURED IN PCT OF AREA BEARIN"
"1181",2016,"WASHINGTON",67,"MEASURED IN PCT OF AREA BEARIN"
"1182",2016,"WASHINGTON",79,"MEASURED IN PCT OF AREA BEARIN"
"1183",2016,"WASHINGTON",14,"MEASURED IN PCT OF AREA BEARIN"
"1184",2016,"WASHINGTON",60,"MEASURED IN PCT OF AREA BEARIN"
"1185",2016,"WASHINGTON",76,"MEASURED IN PCT OF AREA BEARIN"
"1186",2015,"CALIFORNIA",67.7,"MEASURED IN $ / CWT"
"1187",2015,"CALIFORNIA",73.9,"MEASURED IN $ / CWT"
"1188",2015,"CALIFORNIA",45.8,"MEASURED IN $ / CWT"
"1189",2015,"FLORIDA",119,"MEASURED IN $ / CWT"
"1190",2015,"FLORIDA",119,"MEASURED IN $ / CWT"
"1191",2015,"MICHIGAN",156,"MEASURED IN $ / CWT"
"1192",2015,"NEW YORK",254,"MEASURED IN $ / CWT"
"1193",2015,"NEW YORK",254,"MEASURED IN $ / CWT"
"1194",2015,"NORTH CAROLINA",164,"MEASURED IN $ / CWT"
"1195",2015,"NORTH CAROLINA",164,"MEASURED IN $ / CWT"
"1196",2015,"OHIO",170,"MEASURED IN $ / CWT"
"1197",2015,"OHIO",170,"MEASURED IN $ / CWT"
"1198",2015,"OREGON",86,"MEASURED IN $ / CWT"
"1199",2015,"OREGON",170,"MEASURED IN $ / CWT"
"1200",2015,"OREGON",73,"MEASURED IN $ / CWT"
"1201",2015,"OTHER STATES",173,"MEASURED IN $ / CWT"
"1202",2015,"OTHER STATES",80,"MEASURED IN $ / CWT"
"1203",2015,"PENNSYLVANIA",213,"MEASURED IN $ / CWT"
"1204",2015,"PENNSYLVANIA",213,"MEASURED IN $ / CWT"
"1205",2015,"WASHINGTON",112,"MEASURED IN $ / CWT"
"1206",2015,"WISCONSIN",170,"MEASURED IN $ / CWT"
"1207",2015,"WISCONSIN",170,"MEASURED IN $ / CWT"
"1208",2015,"CALIFORNIA",685,"MEASURED IN CWT / ACRE"
"1209",2015,"FLORIDA",225,"MEASURED IN CWT / ACRE"
"1210",2015,"MICHIGAN",650,"ACRES HARVESTED"
"1211",2015,"MICHIGAN",800,"ACRES PLANTED"
"1212",2015,"MICHIGAN",43,"MEASURED IN CWT / ACRE"
"1213",2015,"NEW YORK",800,"ACRES HARVESTED"
"1214",2015,"NEW YORK",960,"ACRES PLANTED"
"1215",2015,"NEW YORK",36,"MEASURED IN CWT / ACRE"
"1216",2015,"NORTH CAROLINA",130,"MEASURED IN CWT / ACRE"
"1217",2015,"OHIO",540,"ACRES HARVESTED"
"1218",2015,"OHIO",600,"ACRES PLANTED"
"1219",2015,"OHIO",43,"MEASURED IN CWT / ACRE"
"1220",2015,"OREGON",111,"MEASURED IN CWT / ACRE"
"1221",2015,"PENNSYLVANIA",600,"ACRES HARVESTED"
"1222",2015,"PENNSYLVANIA",650,"ACRES PLANTED"
"1223",2015,"PENNSYLVANIA",57,"MEASURED IN CWT / ACRE"
"1224",2015,"WASHINGTON",910,"ACRES HARVESTED"
"1225",2015,"WASHINGTON",950,"ACRES PLANTED"
"1226",2015,"WASHINGTON",77,"MEASURED IN CWT / ACRE"
"1227",2015,"WISCONSIN",610,"ACRES HARVESTED"
"1228",2015,"WISCONSIN",790,"ACRES PLANTED"
"1229",2015,"WISCONSIN",55,"MEASURED IN CWT / ACRE"
